"id","name","bat_side","side","avg_batter_y_position","avg_batter_x_position","avg_foot_sep","avg_stance_angle","avg_intercept_y_vs_batter","avg_intercept_y_vs_plate"
678662,"Tovar, Ezequiel","R","R",27.107877519704747,24.763402851545713,38.61379523404798,0.4739339542434455,29.27301335460452,2.1651358348997767
660271,"Ohtani, Shohei","L","L",29.26906638995809,29.987738673458086,33.35539136994945,-9.302159475249344,26.9066791022736,-2.3623872876844922
621566,"Olson, Matt","L","L",30.527979252992615,30.04828466081259,30.423949374024982,-8.466047866180661,33.3901191561568,2.8621399031641825
606192,"Hernández, Teoscar","R","R",31.170344340832536,29.346458165499435,27.275861145812527,-0.9771030813383076,29.702244044285987,-1.4681002965465528
642715,"Adames, Willy","R","R",32.24776361247569,31.60032021561086,33.71957860803865,4.054309993292141,30.362517876622135,-1.885245735853549
683011,"Volpe, Anthony","R","R",30.023990450098797,28.487997234319224,24.81149223263873,1.6613623193888079,26.39616082343045,-3.6278296266683356
521692,"Perez, Salvador","R","R",29.512239443833803,27.19568863557578,34.75459636634056,-25.272491306250252,29.662228873111392,0.1499894292775861
650402,"Torres, Gleyber","R","R",32.59319588107822,27.260699960970246,26.146953898171994,-36.29341138115228,30.82543093623479,-1.7677649448434531
665926,"Giménez, Andrés","L","L",24.264734529315607,28.78048240022521,37.743929392581364,-3.0328799966832207,29.85055250891778,5.585817979602167
592206,"Castellanos, Nick","R","R",28.638102556942382,27.71520633668325,28.208462017233803,-15.934097036136425,30.933080568379207,2.294978011436832
677951,"Witt Jr., Bobby","R","R",28.421225332296608,24.037406253606587,30.48494040858618,-13.299818148486612,29.356724654100294,0.9354993218036806
607043,"Nimmo, Brandon","L","L",26.61931193346277,31.701809040824298,28.29505588836057,-8.625704497294334,28.684777993072302,2.0654660596095327
542303,"Ozuna, Marcell","R","R",35.30278451974566,27.50377429062531,31.2685827940285,-24.643915449237053,32.64204511432047,-2.660739405425183
680776,"Duran, Jarren","L","L",27.3634361553339,30.604930650989274,19.489827726611733,0.14690383910730867,27.37609767989839,0.012661524564486631
518692,"Freeman, Freddie","L","L",29.11323238097921,30.307664765964248,33.655035085765924,0.8176016344505103,26.06056239474154,-3.0526699862376723
683002,"Henderson, Gunnar","L","L",24.84750799050779,26.62757847422047,32.31175743604165,-1.8760599400023676,32.56634240669461,7.718834416186818
547180,"Harper, Bryce","L","L",22.916899240176694,29.066542651104022,33.393233338337076,-12.456796579164125,31.815611772210392,8.898712532033686
592450,"Judge, Aaron","R","R",29.679066621359254,33.82099347952945,31.563365878944346,-6.617851521594237,30.185046124169475,0.5059795028102113
543760,"Semien, Marcus","R","R",26.59822723329648,23.429383127764194,32.5756218733293,-1.4181838461061875,30.933769058166508,4.335541824870023
661388,"Contreras, William","R","R",29.027057045751064,27.60329714252266,29.046029903704166,-0.35477814311110323,30.880613843658473,1.8535567979074143
666969,"García, Adolis","R","R",28.515494981946343,26.296655861547336,31.244906041021935,-15.403349388822356,32.74342870612785,4.22793372418151
502671,"Goldschmidt, Paul","R","R",24.979905706898712,34.45718668161705,36.205201386628175,-3.1423990023432062,19.91707164176105,-5.062834065137665
592518,"Machado, Manny","R","R",24.49004122754353,31.42130103586191,30.464490378895974,-37.970022778138826,31.109623388677313,6.619582161133782
701538,"Merrill, Jackson","L","L",26.881141251693702,27.717985524878443,24.630813424386364,2.231114044858565,26.151991327258603,-0.7291499244350915
677594,"Rodríguez, Julio","R","R",23.75519846597233,30.42720094307749,28.28682614260037,1.8742270605409808,33.55557735721265,9.800378891240321
624413,"Alonso, Pete","R","R",24.342496560801607,28.388367492579825,33.706787646440965,1.7687235501534033,30.298120615813403,5.9556240550117945
678882,"Rafaela, Ceddanne","R","R",30.53164959660799,26.292069497566388,23.20741806935969,-25.010649515924012,33.45539262325329,2.9237430266453104
670623,"Paredes, Isaac","R","R",32.6078541581597,24.87634245235039,27.56728564276221,-39.12530849759116,38.22796823673126,5.620114078571558
650559,"De La Cruz, Bryan","R","R",27.706577805395355,27.290708319721908,36.43534878045419,-10.921464523042415,28.31908289542784,0.6125050900325016
641857,"McMahon, Ryan","L","L",21.208622073181008,33.233721129503394,45.341608450731115,3.5545910363564386,22.561227075723828,1.3526050025428096
673237,"Diaz, Yainer","R","R",29.722257877466866,28.078862497927446,31.88707822309548,-2.1143148295767324,30.968073989057842,1.2458161115909727
647304,"Naylor, Josh","L","L",24.100902916628446,27.09655825837334,44.36703040872913,-3.844739176580352,27.376263579773678,3.2753606631452237
630105,"Cronenworth, Jake","L","L",35.83569095698457,26.086403334846537,21.684251850306925,2.5941343258197946,29.375047040489008,-6.460643916495565
665489,"Guerrero Jr., Vladimir","R","R",27.772295967447697,29.327507711475196,28.152303309637684,-9.429142556756243,32.424593147140115,4.652297179692418
665161,"Peña, Jeremy","R","R",28.664457491650623,28.200045517180367,27.373140282898035,-3.3381629715213283,28.07504747094235,-0.589410020708281
553993,"Suárez, Eugenio","R","R",23.96447283027395,24.818451400194405,26.94684344142029,-12.350247172554475,32.82244265564368,8.857969825369725
682928,"Abrams, CJ","L","L",27.01360979761802,30.164371701444512,26.31224419316701,2.6568258003278657,31.12264446174916,4.109034664131134
514888,"Altuve, Jose","R","R",11.245091764022742,30.049946731098704,29.19846251861802,-14.90346018038736,28.0733666433688,16.828274879346054
646240,"Devers, Rafael","L","L",21.80579276082978,26.761784819057677,30.65990885554811,-67.38188855579044,28.759361955652427,6.953569194822631
665862,"Chisholm Jr., Jazz","L","L",22.968414666980795,25.35332006775877,30.3922735866305,-3.21964142213203,28.37487945149907,5.406464784518274
665742,"Soto, Juan","L","L",25.570370772635165,29.47172446854571,41.613072697199286,-13.030313193151652,25.925493772577695,0.35512299994253377
691026,"Winn, Masyn","R","R",32.045476716308144,22.89010123272598,13.30255680607337,-47.763598299681185,33.04207834847641,0.9966016321682651
650333,"Arraez, Luis","L","L",33.28215009773524,25.301465829403675,26.865096093654785,-23.357564979122486,32.724171168955294,-0.5579789287799588
667670,"Rooker, Brent","R","R",30.541066918271756,26.856948500167462,27.46756719889037,-13.495630488377587,33.95405322303357,3.4129863047618114
676475,"Burleson, Alec","L","L",35.40416897847558,21.929973789895893,21.82657956024186,-26.83172918554648,29.599277609047427,-5.80489136942816
668715,"Steer, Spencer","R","R",27.869734972321716,26.151779512252606,38.60644320146497,-2.040260531394939,32.53573162032719,4.665996648005469
656941,"Schwarber, Kyle","L","L",21.681565938014106,26.58963003128445,30.44979114853147,-4.283907977394194,31.28045788812711,9.598891950113002
621020,"Swanson, Dansby","R","R",32.22112240687079,27.440851292493598,23.269035492627335,-9.281116095634413,30.610360583669173,-1.6107618232016188
656305,"Chapman, Matt","R","R",28.56244393497671,30.311436788446247,27.5392015812218,-9.5297904065873,26.764128805485047,-1.7983151294916624
571448,"Arenado, Nolan","R","R",28.625918904167886,28.69514103265646,32.208142483864414,0.9062988971179361,33.532480404579736,4.906561500411844
683734,"Vaughn, Andrew","R","R",30.524560917056252,29.731856755016857,32.0553567558807,0.15635092265182887,31.76429534256236,1.2397344255061074
668227,"Arozarena, Randy","R","R",18.168004855276948,24.09374882799075,19.113526515768054,1.3838246272221795,32.8217155707831,14.65371071550615
668709,"Bleday, JJ","L","L",27.455382698077596,31.2328005678271,35.27328114799455,-20.392065408662454,31.81270679975448,4.357324101676888
666624,"Morel, Christopher","R","R",27.13659468709217,28.26444010981926,22.75584200294796,-18.485657786168964,32.71719971320886,5.580605026116689
668930,"Turang, Brice","L","L",25.38053688159654,26.09920826911032,38.06885402851334,1.3523866798613207,30.979010619009152,5.5984737374125935
663538,"Hoerner, Nico","R","R",29.843736038052775,26.971401141489704,26.731393824233773,-9.492504094522896,27.778597330555474,-2.065138707497302
543807,"Springer, George","R","R",25.0572127927933,28.066541989752185,26.482244143707593,-2.1613490262661883,21.580370829410644,-3.4768419633826655
606115,"Arcia, Orlando","R","R",27.860916588103,26.722353054899457,32.91263356540968,-18.754795986042886,29.847128177116243,1.9862115890132461
669701,"Smith, Josh","L","L",33.5094798816411,28.31741765262517,17.90827698419751,-24.04461614955879,34.28989594466856,0.7804160630274621
596019,"Lindor, Francisco","L","L",26.58516743468332,26.190489426541518,26.975445907734827,-7.322381028380562,29.888977229565963,3.3038097948826453
621493,"Ward, Taylor","R","R",31.048561663369874,27.55332079543486,17.79225845286639,-37.99150616926526,31.559185535135413,0.5106238717655354
669257,"Smith, Will","R","R",33.15879081232783,27.840190424623422,18.986859629099115,-19.360588756770955,31.78998028789953,-1.3688105244283064
682985,"Greene, Riley","L","L",26.27121419142398,23.246618384803533,27.19775534934339,-10.02286637768305,32.21234896494243,5.941134773518446
607208,"Turner, Trea","R","R",27.652828742242853,27.388287405950926,37.665506566157596,0.9146160555103515,31.80868844623438,4.155859703991538
657557,"DeJong, Paul","R","R",27.30507949492926,27.209013815605182,28.609609656175515,-18.31887826186201,32.17939141717316,4.874311922243899
669394,"Burger, Jake","R","R",23.257515187896132,32.79585950505458,23.12384133644518,-3.5025597221727955,32.792230175362064,9.534714987465946
608324,"Bregman, Alex","R","R",29.35449290768677,26.50369824217517,31.12355733903944,2.956659605073767,30.348193702255028,0.9937007945682632
687263,"Neto, Zach","R","R",22.351355697078898,22.141586167324455,34.43216446285183,-4.897393430575488,34.298394667582976,11.947038970504092
686668,"Doyle, Brenton","R","R",25.016245432123725,28.450826034828108,41.342475260271854,-5.030531350138132,25.919642478078668,0.9033970459549416
670541,"Alvarez, Yordan","L","L",26.50168555179836,27.651783861978586,39.68208826131986,-6.91188937673942,36.74327999040086,10.24159443860251
572233,"Walker, Christian","R","R",28.276725307872777,28.177824154230503,26.16535696898367,-15.775938611875075,31.04102936512312,2.7643040572503503
683737,"Busch, Michael","L","L",30.04724822962334,26.90785104220954,31.265547477223624,-4.748887059317134,32.51983928113559,2.4725910515122465
657077,"Verdugo, Alex","L","L",31.248003677811642,23.693647646887783,21.87243302055117,-35.95982561976765,33.01735626386774,1.769352586056073
663837,"Vierling, Matt","R","R",37.13183823130568,27.934550457919634,26.757948676056902,-17.5212928684351,29.723524634575952,-7.408313596729732
663624,"Mountcastle, Ryan","R","R",26.29058674492878,31.102269320640044,34.547545602797506,1.7715162176044146,25.620585167945876,-0.670001576982895
681297,"Cowser, Colton","L","L",27.142970385898533,28.71130626874037,32.836912428672925,-0.4265464916151689,34.75944926547559,7.616478879577051
664761,"Bohm, Alec","R","R",25.09647826521296,28.840632853124756,38.14874013513725,-6.859314207242554,28.56155672962646,3.4650784644135033
686469,"Pasquantino, Vinnie","L","L",27.065830130678492,30.17842257941238,38.04959714144704,-23.1680747328909,30.661927878838778,3.596097748160281
608070,"Ramírez, José","L","L",29.146661299720446,21.695633580753686,27.18821392606115,-8.798252988861407,32.60157730151623,3.4549160017957807
682998,"Carroll, Corbin","L","L",28.972925372458917,29.10960195295584,28.95740551861,-2.716600932816208,35.18000112688534,6.207075754426408
680977,"Donovan, Brendan","L","L",27.80802892265547,27.486627969147595,38.7769715137358,-9.332030357105356,26.69163061442175,-1.1163983082337132
663993,"Lowe, Nathaniel","L","L",27.01551140209695,29.989592553387403,31.535669643255513,-14.452121047330003,28.603114544225686,1.587603142128739
650490,"Díaz, Yandy","R","R",29.336482800011886,28.4535025793141,29.343168156738887,-27.709239114011336,30.70501788510697,1.3685350850950948
623993,"Santander, Anthony","L","L",21.17436502372609,25.642692267012393,29.67109476703051,-4.2239920921356635,34.50804047820319,13.333675454477088
680869,"Gelof, Zack","R","R",22.410887569914912,28.26632803667505,40.0606418862176,-3.7141988315678955,27.739761664034464,5.328874094119561
641355,"Bellinger, Cody","L","L",32.43153897951156,23.77046877295462,22.386095841638106,-17.580749249025843,31.227629624653563,-1.203909354858002
666971,"Gurriel Jr., Lourdes","R","R",29.023865049195546,25.68259184825013,25.49349572634046,-11.76933916897444,29.154498787018817,0.13063373782327523
624585,"Soler, Jorge","R","R",27.675964820091178,29.2519236820325,38.36280334925489,-17.779852072410538,29.160070825181926,1.4841060050907438
660821,"Sánchez, Jesús","L","L",27.68059155982239,29.588508035533653,31.104654600694605,-10.02155462246053,31.98959645120001,4.30900489137763
690993,"Keith, Colt","L","L",26.22266699137593,29.33473337289167,33.63241417722497,-5.206583579971991,29.624235937308857,3.4015689459329264
502110,"Martinez, J.D.","R","R",31.34780571580715,31.710232431129796,27.137120543516186,0.002658457267977532,27.872499154041105,-3.4753065617660486
681082,"Stott, Bryson","L","L",24.24276715322674,25.440580126742837,40.879155216945236,-4.994209274100178,27.394692678028733,3.151925524801992
672580,"Garcia, Maikel","R","R",30.30822838598206,26.07879293608982,32.33108323602956,4.572031725829951,33.11804743229564,2.809819046313584
664034,"France, Ty","R","R",29.589718296389588,26.616135703333853,28.719892986247107,-29.033608060222722,27.465053397754836,-2.124664898634747
669004,"Melendez, MJ","L","L",29.028321668808815,28.085536845243073,28.10433070198356,-35.92233626103015,29.902100929086945,0.8737792602781388
694192,"Chourio, Jackson","R","R",24.853619430377815,29.261079702457813,39.95055165089021,-2.7171296295151834,28.598223418995996,3.7446039886181883
671218,"Ramos, Heliot","R","R",24.591090914419404,28.16228100194299,30.04135800534754,-3.152421802282522,26.451427219628933,1.8603363052095274
665833,"Cruz, Oneil","L","L",26.216658640821777,28.32284718834723,40.97891598847888,-8.682703694682893,35.28756291256312,9.070904271741353
457759,"Turner, Justin","R","R",31.376129776063415,21.798217585683446,14.145009640924398,-20.76061962099863,37.071886115001995,5.695756338938572
668901,"Vientos, Mark","R","R",26.934099682697607,29.683555587411902,27.961192074300193,-8.923016147028306,29.536020780315795,2.6019210976181766
681351,"O'Hoppe, Logan","R","R",25.04511063036541,26.88449771319821,33.85515113387408,0.8240862535439907,35.12867003208392,10.083559401718514
673548,"Suzuki, Seiya","R","R",29.09758848968386,29.002155393136864,28.942779686030324,-6.5473048649082335,32.289752235718204,3.192163746034346
669127,"Langeliers, Shea","R","R",26.281893835334944,29.623507368083455,32.912458864546814,-20.111103814170413,37.30584062873056,11.023946793395618
657757,"Sheets, Gavin","L","L",30.538942532269193,29.330627620252148,28.357553163914613,-33.091023910005475,29.439906994829865,-1.0990355374393257
657041,"Thomas, Lane","R","R",23.617234267738713,27.848749282324246,38.693773857215774,-12.764975967787079,27.641877461187015,4.024643193448306
663697,"India, Jonathan","R","R",29.854613434310664,27.46212970919252,28.964973566057477,-11.7168073883204,29.407058443547697,-0.44755499076297256
643446,"McNeil, Jeff","L","L",29.62553969351909,26.951511019509386,32.60209204847849,-0.20953223927633682,30.398556975403412,0.7730172818843184
656775,"Mullins, Cedric","L","L",30.41555701102194,25.36000947329708,31.180172222253184,-7.676744554502406,27.81609589030057,-2.5994611207213656
657136,"Wong, Connor","R","R",27.269386805823277,27.584045219722082,29.005958025628672,-13.318114073129138,33.211004731660445,5.941617925837157
656555,"Hoskins, Rhys","R","R",32.33977634714793,27.41396459970777,26.824247405559095,-6.429409804826206,33.50779942372678,1.1680230765788697
608369,"Seager, Corey","L","L",26.611045265638836,27.485151725175754,30.078841008943055,-8.106586913819301,33.54567127303084,6.934626007392024
694671,"Langford, Wyatt","R","R",28.640957820026934,27.966081112876765,28.12596412169588,3.3583721304781484,33.19719896875208,4.55624114872516
662139,"Varsho, Daulton","L","L",31.56905410771057,26.515254894558986,29.02762469571086,-6.489494252339063,28.989114179387766,-2.5799399283228097
671277,"García Jr., Luis","L","L",28.187228715433037,29.46860009112955,31.132871117443464,-10.877813186541694,30.674941115485623,2.4877124000525788
643217,"Benintendi, Andrew","L","L",31.45375549136582,21.71712834493487,21.33395093166559,-28.335098540551467,32.96160378224667,1.5078482908808533
570482,"Urshela, Gio","R","R",31.17059008700555,28.18221115995847,29.56940910502099,-17.076052714888583,31.170477788769396,-0.00011229823615854784
650489,"Castro, Willi","L","L",29.879095111909876,22.529098874307074,28.236574268279664,-4.088311084952256,33.0001548292319,3.121059717322035
519317,"Stanton, Giancarlo","R","R",24.95669395788282,32.89905179772128,41.84780677403347,12.15922019337852,27.156971049154933,2.2002770912721124
663898,"Rodgers, Brendan","R","R",28.125631608652004,28.604826465237828,27.95708209789154,-23.061055888357476,33.32012943349526,5.19449782484326
608385,"Winker, Jesse","L","L",26.475428151420353,26.757876656728165,26.23491083449755,-8.123172507146794,27.431091813645125,0.955663662224768
681624,"Pages, Andy","R","R",29.895662385158726,29.319802987469597,20.052947910269868,-14.435145015514799,30.1690608845003,0.27339849934157434
666176,"Adell, Jo","R","R",25.16585991164458,28.600623916647336,33.91677508526881,-1.9223938780168777,25.47623761054707,0.3103776989024912
666158,"Lux, Gavin","L","L",33.50486175569054,27.479765720024236,31.01417540593606,-1.5060659710012059,32.65613860371353,-0.848723151977017
663728,"Raleigh, Cal","L","L",28.902406606921275,25.15480316752988,26.99592967632922,-4.343162659179168,36.512786992673455,7.610380385752171
664023,"Happ, Ian","L","L",29.74342319636528,27.726843339791994,28.598047110423895,-3.2762850896944316,33.983616968637655,4.240193772272396
694384,"Schanuel, Nolan","L","L",30.59255081698469,23.341536686484908,39.29319292708958,1.931305567550454,27.69844624233859,-2.894104574646104
668804,"Reynolds, Bryan","L","L",25.584103116810315,27.167054869251352,45.08784990413281,-3.6487480262452427,28.66401522300857,3.0799121061982535
656811,"O'Hearn, Ryan","L","L",26.606949033735468,30.039741245700778,27.430767555474425,-1.8357879507502979,27.005563768071617,0.3986147343361448
669224,"Wells, Austin","L","L",29.689533299388614,25.95768675629116,26.792243088182005,-7.584230467034016,28.949530867335262,-0.7400024320533392
671739,"Harris II, Michael","L","L",30.782304335497283,30.093810813289213,17.560779989109708,-13.47712486856793,31.590140881422787,0.8078365459255092
664040,"Lowe, Brandon","L","L",27.757886889026484,26.087702771220183,21.1674015188034,-0.9225878197881265,35.227954159841545,7.470067270815051
457705,"McCutchen, Andrew","R","R",30.651425362302067,28.484749021728547,35.71580223005908,-7.427345537824821,25.58838850774326,-5.063036854558801
595777,"Profar, Jurickson","L","L",30.837426534391383,25.850312304937685,24.558802475100787,-26.438362511425296,30.76956907763521,-0.06785745675616212
453568,"Blackmon, Charlie","L","L",26.911146691821543,30.752019769638625,27.27513587368154,-6.945744959436243,30.56202360847047,3.650876916648928
666139,"Lowe, Josh","L","L",21.66150229420506,30.04387521946754,30.764821876429473,-1.4916522783699913,32.40130924083092,10.739806946625864
643289,"Dubón, Mauricio","R","R",22.213115329237908,28.97032292970031,33.53137927777199,-21.00275686398784,26.994192862210603,4.781077532972694
670042,"Raley, Luke","L","L",29.028785990276273,27.48248259040155,25.345228262658498,-14.549900511070268,32.223261162823405,3.1944751725471243
573262,"Yastrzemski, Mike","L","L",28.100158265416315,24.21331040620401,24.050872494232344,-10.609019279271733,30.02884622810415,1.9286879626878302
676609,"Caballero, José","R","R",15.777840379329925,23.552657575395635,34.61465529976745,-18.709462935605963,36.13326133762466,20.355420958294722
677800,"Abreu, Wilyer","L","L",30.980462430197754,26.752175149715768,28.625112989623698,-20.39839072543535,31.884401785616053,0.9039393554183027
680777,"Jeffers, Ryan","R","R",27.153622791133074,26.94407109276024,37.91707381377109,-4.602771328569615,30.68781393109129,3.534191139958221
663586,"Riley, Austin","R","R",29.02457437885754,27.94627165774874,29.87826666268413,-10.55305277658148,35.0520365572091,6.02746217835155
666160,"Moniak, Mickey","L","L",25.40820313968823,31.38116024134792,33.92964335986933,-11.055331371303195,28.937038262580728,3.5288351228925015
687401,"Ortiz, Joey","R","R",29.828510882910802,29.390681765216332,30.725594435042332,-26.254729480072168,28.060016004605156,-1.7684948783056536
642350,"Siri, Jose","R","R",26.07277784602408,29.065469632045566,28.670976911176155,-5.568548743196124,27.69775298200465,1.6249751359805775
605141,"Betts, Mookie","R","R",24.520575690824042,27.73797222381091,25.22683406120798,-13.543904432523602,33.16847881594051,8.647903125116477
686676,"Lee, Korey","R","R",28.269828694384277,28.006006814811514,25.545896272054662,-18.38707649160914,32.48812722728214,4.218298532897874
641933,"O'Neill, Tyler","R","R",25.036490034711452,24.35457000478189,32.49791053011743,-3.5621791500890376,31.35637348851488,6.3198834538034365
680757,"Kwan, Steven","L","L",24.326501340963713,22.940657803165372,8.708320809255007,-11.068053498165625,28.368364136512177,4.041862795548452
672284,"Kelenic, Jarred","L","L",29.773094184186967,27.379290056705994,25.948405102718226,-7.415098664197122,30.215467040087344,0.44237285590038194
668942,"Rojas, Josh","L","L",29.482525634051648,29.788884776851315,25.54557291855853,3.496342648485336,25.039178382507078,-4.44334725154456
668939,"Rutschman, Adley","L","L",28.62693787783912,25.905324741281763,37.740806954240355,-25.314962765928406,26.60845583214762,-2.0184820456915085
691718,"Crow-Armstrong, Pete","L","L",28.650724281860704,26.067441096531176,28.229419274872797,-3.1962261773474494,32.77707370843958,4.12634942657887
663886,"Stephenson, Tyler","R","R",26.512544978150196,30.855548363747065,36.49985729313547,4.2948732099535265,27.523098995189052,1.0105540170388425
664983,"McCarthy, Jake","L","L",30.062082893925208,31.18402096616847,24.067301948004882,-26.67837239601469,30.07502883277011,0.012945938844902173
671732,"Butler, Lawrence","L","L",26.73736862841947,30.335486201881903,34.50743679909367,4.306973926927932,28.5997825719969,1.8624139435774383
669016,"Marsh, Brandon","L","L",26.86822971124486,29.779756795857715,39.21024624396206,-10.867643134792868,28.158390310554044,1.2901605993091816
686217,"Frelick, Sal","L","L",30.4942860004906,28.66275970497973,30.849141062279458,-5.751348130684206,24.755432091105078,-5.7388539093855195
624424,"Conforto, Michael","L","L",26.638640445554667,29.5384998193215,33.53382578393387,-5.686040390733233,29.816724440882115,3.178083995327447
676694,"Meyers, Jake","R","R",28.71024027959361,32.13209751020821,32.22695647871068,-3.451616119081372,31.80414108356005,3.0939008039664415
673357,"Robert Jr., Luis","R","R",31.404636837544903,27.132255081944013,30.09675710866697,-14.651985758920794,27.697249560335756,-3.7073872772091496
696285,"Young, Jacob","R","R",33.6748364668805,30.508115987724732,29.29237373381252,-3.850966731430175,27.20681657971335,-6.468019887167144
502054,"Pham, Tommy","R","R",30.300928915678977,27.884141369020057,37.37032470728709,-4.344142100122009,30.54098256117176,0.2400536454927814
571771,"Hernández, Enrique","R","R",27.18344829373305,29.391057200353288,24.942545378738945,-6.75977215258005,31.01673083478009,3.833282541047042
666310,"Naylor, Bo","L","L",27.424254526467266,29.1900265912812,25.864526583203794,-28.445899659146765,33.5216120668809,6.0973575404136335
681807,"Fry, David","R","R",28.41895829372634,32.45048515571543,27.193688335339253,0.3996568578819705,26.477178407485663,-1.9417798862406754
669707,"Triolo, Jared","R","R",26.32870426246212,27.822114857755597,32.417808131683955,1.0178432597230147,29.044627431475508,2.7159231690133923
676059,"Westburg, Jordan","R","R",23.53966239837519,31.240421035376155,29.832561623461835,-10.934664749529627,32.8498122085739,9.310149810198723
676391,"Clement, Ernie","R","R",22.222845755830537,26.620755028621897,33.35760965127614,-1.0366900913325552,31.457833120632415,9.234987364801883
669304,"Miranda, Jose","R","R",29.050690538089547,30.221027798872804,30.560630294882408,1.398166466852261,35.25557310730219,6.204882569212645
672640,"Lopez, Otto","R","R",29.222179675081144,27.891634181044964,31.214432989393686,-7.00281996146469,29.199766747434627,-0.02241292764651244
676914,"Schneider, Davis","R","R",32.18281463785383,25.5677965021307,25.737643382666402,-5.361704414032664,30.641522929086538,-1.5412917087672988
665487,"Tatis Jr., Fernando","R","R",26.32953227969785,29.342123279657418,21.894533672033834,-29.90949693490946,30.24638667139441,3.9168543916965626
593428,"Bogaerts, Xander","R","R",15.828775051738358,29.447888683443267,30.985609879460664,-8.3350606136039,33.207757392463506,17.37898234072515
592192,"Canha, Mark","R","R",22.586095526460433,26.462011797764333,28.67555595988207,-6.750067019090245,28.165995666707936,5.579900140247501
664913,"Brown, Seth","L","L",28.962686213707574,27.756921389874503,29.160459054268692,-1.2693053489971022,32.969961810730375,4.007275597022802
665750,"Taveras, Leody","L","L",30.109617497284443,27.37149099521535,28.981172007172717,-14.666273180327746,32.482558524750736,2.372941027466296
596146,"Kepler, Max","L","L",34.391955648257614,29.795020091638534,31.032082298983518,-15.730024398683259,33.67590784000185,-0.7160478082557606
682829,"De La Cruz, Elly","L","L",27.483718015103747,29.786517688279794,32.37321428104887,-13.489467343229686,35.57694772643144,8.093229711327693
693304,"Gonzales, Nick","R","R",31.08885356990387,26.684426427151273,24.21320770168026,-21.439238298532032,34.21211947344606,3.123265903542205
592663,"Realmuto, J.T.","R","R",30.537336459075476,27.713443937021086,27.03860624778038,-17.293603050518964,27.343598996800722,-3.1937374622747634
680474,"Schuemann, Max","R","R",29.25939812675712,29.085861247280846,28.139654141819435,3.3805212820904154,29.895031944002426,0.6356338172453102
664056,"Bader, Harrison","R","R",26.023371113532043,27.602112821854593,30.539826300058834,-16.36993478813964,33.522414078599176,7.499042965067137
686681,"Massey, Michael","L","L",26.56605177982066,27.82820589149134,32.43724546239016,-5.103983925256052,32.50816965383401,5.9421178740133405
592626,"Pederson, Joc","L","L",29.78409902646118,24.527050251859666,22.72769943325852,-16.64609062010733,28.780051757518127,-1.0040472689430522
641584,"Fraley, Jake","L","L",28.899913892062784,27.558344106305125,28.700604157537864,-10.798266179327582,30.144441906219207,1.2445280141564214
467793,"Santana, Carlos","L","L",25.749381769964938,26.84805883055928,23.636737626866072,-22.053659983135457,35.00535258152918,9.25597081156424
516782,"Marte, Starling","R","R",17.21402718988678,28.39838319315713,38.25368745765074,-0.3484733406595124,23.163694201844216,5.949667011957435
664238,"Moore, Dylan","R","R",24.113828050393195,28.217268715620712,34.28221820216067,1.0985282852909581,31.537647293092995,7.4238192426997935
621439,"Buxton, Byron","R","R",25.320955033320033,26.547393673163825,30.84140944497199,3.999148907816995,29.187116364320183,3.866161331000154
666181,"Benson, Will","L","L",26.33365659035658,31.324200437574877,31.647782854036404,4.4339357985632555,27.284770959085964,0.951114368729389
643396,"Kiner-Falefa, Isiah","R","R",27.67244225156787,26.462206358401623,26.094323136583753,-23.852209119713592,32.82486739990011,5.152425148332258
641487,"Crawford, J.P.","L","L",35.428065570302884,25.35173195055417,31.104949207228913,-29.85717953795989,38.11662713576219,2.6885615654593065
571745,"Haniger, Mitch","R","R",28.643881113528654,32.75474574768886,29.625507047505437,-16.141796606002057,33.34814654693652,4.704265433407864
679529,"Torkelson, Spencer","R","R",28.125175133952375,25.714036311122854,36.80845051762015,-1.6966132322918561,29.850711750321764,1.7255366163693886
670032,"Lopez, Nicky","L","L",15.746353657940995,30.989282078419507,37.91042385926298,-5.730742553997568,24.490655025441782,8.744301367500785
672820,"Sosa, Lenyn","R","R",30.021691833764987,27.585726357141844,29.55160267335647,-7.998706994401649,28.551552630783274,-1.4701392029817115
605137,"Bell, Josh","L","L",29.507239175608024,27.881178131581358,30.14266057084298,-16.03815110068343,23.70212976700687,-5.805109408601148
592669,"Renfroe, Hunter","R","R",29.611581615259656,29.624442308350805,28.654113081735318,-21.436170450274698,38.632858662393744,9.021277047134094
669357,"Gorman, Nolan","L","L",32.82922870272931,27.25185084308896,25.57676944556912,-21.71646483991372,33.37280772551786,0.5435790227885554
687462,"Horwitz, Spencer","L","L",29.239201764811813,25.026327277512088,23.75788480083401,-7.92504724842046,28.419890879835776,-0.8193108849760364
676356,"DeLuca, Jonny","R","R",28.393920527457112,25.966896435115657,32.654761674424954,0.06831266066787828,34.00445196220115,5.610531434744039
664728,"Isbel, Kyle","L","L",27.169153893982028,27.356788532306425,24.81706154528069,-3.6326652561144814,31.572201593929037,4.403047699947008
641680,"Heim, Jonah","L","L",29.070352431516348,31.23415303881724,23.477573511149615,-18.954409191691976,31.7785900078201,2.7082375763037487
666023,"Fermin, Freddy","R","R",28.908858823489833,25.033941852955948,30.620386097050616,-2.7434868651470286,33.39864186287607,4.489783039386248
621438,"Taylor, Tyrone","R","R",28.950333556770023,27.91888587151383,31.208022934607147,-19.88759275860023,33.63159993062528,4.681266373855244
669289,"Espinal, Santiago","R","R",34.19789149502601,26.29832913577567,25.963504637825128,1.7278846626832804,29.653574879009984,-4.544316616016024
641343,"Bauers, Jake","L","L",30.661958916476063,26.050975729195418,28.063446080067813,-10.128907877232729,31.896831638982327,1.2348727225062626
595909,"Cave, Jake","L","L",23.255588246767406,30.886171812441702,34.2344680205874,-7.563659193473316,26.81729854839822,3.561710301630821
641598,"Garver, Mitch","R","R",27.41557873554775,27.105764864125103,31.141564554072527,-7.14589064731535,34.642984731647,7.2274059960992565
663616,"Larnach, Trevor","L","L",28.15714634316817,25.296716876706572,33.90757878845359,0.491164083567293,34.113945707544445,5.956799364376281
642133,"Tellez, Rowdy","L","L",27.32369488746542,26.44947368205506,27.891066894072754,-4.396736226481576,33.208379365551224,5.884684478085811
807799,"Yoshida, Masataka","L","L",31.00761331233666,24.01758009284401,25.117363719983476,-11.655509585914533,28.7781798919346,-2.229433420402062
643565,"Tauchman, Mike","L","L",29.904889300637283,31.917313117877267,23.893135511692154,-0.7935602230512334,30.236909179857584,0.3320198792203022
519203,"Rizzo, Anthony","L","L",31.765244355295085,22.094647204103293,24.37329660955994,-15.481252363349215,33.24326247380537,1.478018118510282
673490,"Kim, Ha-Seong","R","R",32.64986025629196,26.291120957010737,16.906009696312584,-23.29436558663473,32.9567233830585,0.3068631267665371
686823,"Brennan, Will","L","L",27.589097455041728,28.872936781713403,29.23809928191705,-2.4687664524246586,27.93161290110062,0.3425154460588925
665804,"Amaya, Miguel","R","R",29.19113904164221,27.67216300454042,36.888821366354016,-9.010618167662168,31.52631999697961,2.3351809553374023
656582,"Joe, Connor","R","R",34.332670008114995,27.310760862043576,27.91699620037214,-33.15035712190534,35.828177522202516,1.4955075140875174
572138,"Singleton, Jon","L","L",29.43857639275806,29.620379331369243,40.227584441551826,-1.622338783775381,33.32580609125346,3.8872296984954025
578428,"Iglesias, Jose","R","R",20.13144404013002,26.55635174834037,33.17127675546193,-15.610570484620705,27.721753142361646,7.5903091022316245
553869,"Díaz, Elias","R","R",26.666820095363594,25.226499864483298,30.46043027600945,-37.79729731605215,38.08854235361706,11.42172225825346
575929,"Contreras, Willson","R","R",18.235255508667006,30.397597560188277,26.067738871912418,-6.3753033374290435,26.741910604624362,8.506655095957347
682626,"Alvarez, Francisco","R","R",26.429548729019743,28.436191181157813,37.01778260645649,-5.006602691362809,27.24116111919973,0.8116123901799946
664774,"Wade Jr., LaMonte","L","L",30.408709366491482,24.199763936451486,18.8660789994042,-2.2817116292877486,34.331066532013374,3.9223571655218965
672275,"Bailey, Patrick","L","L",27.655810173616263,29.081419936022193,30.129726885723365,-11.237384120226611,28.965443165324984,1.3096329917087284
668904,"Lewis, Royce","R","R",20.960808796751138,26.77921978176615,28.695841616926444,-3.3294424851782156,26.813015282455552,5.852206485704423
672386,"Kirk, Alejandro","R","R",22.316501991126152,31.52255392897264,24.33519859332123,7.4530971922372835,29.798959117742452,7.482457126616291
642708,"Rosario, Amed","R","R",24.110783825905063,28.528249251581077,43.20499323361925,-7.700141338225821,28.171659580078476,4.060875754173404
607680,"Pillar, Kevin","R","R",28.55467473775072,26.056129012149054,24.710712184995522,-4.4090640431583905,34.990835065968746,6.436160328218024
622534,"Margot, Manuel","R","R",26.15806381408324,26.777289351512668,26.529682610232438,-11.683281669265984,32.073053878010136,5.914990063926894
672761,"Pérez, Wenceel","L","L",21.732807863308548,24.89696863050652,35.797561251126936,1.8212019501127712,28.298638817708504,6.565830954399951
660688,"Ruiz, Keibert","L","L",33.186145921126595,23.301947731925214,31.60296932096052,-27.206251768054905,37.784035047913456,4.597889126786853
668670,"Rogers, Jake","R","R",23.88101465413613,26.281450608683578,14.574955785933662,-3.6384861840085714,33.1241199872086,9.243105333072478
657656,"Laureano, Ramón","R","R",29.742776591825006,27.228323676412742,21.10430420784739,-1.1911618006806397,33.01494023221489,3.272163640389884
645277,"Albies, Ozzie","L","L",35.45214392716191,22.31648871502436,38.992388268562664,-33.479698428120926,37.58342741643301,2.1312834892711012
642731,"Estrada, Thairo","R","R",27.348110677614773,25.24453467815822,22.031520212352792,-1.66838837184886,35.59588568141171,8.247775003796933
518595,"d'Arnaud, Travis","R","R",31.503488923087655,29.501065014335193,24.491653645284174,-18.921986891974463,30.906061955951714,-0.5974269671359446
592273,"Drury, Brandon","R","R",30.864911532889902,27.49281055799941,27.99169762131877,-13.678351283723131,29.643069249424247,-1.221842283465648
663457,"Nootbaar, Lars","L","L",30.83816239599215,27.68733530393839,21.93194166574858,-21.048321411870894,30.40649453505178,-0.43166786094037035
666149,"Fitzgerald, Tyler","R","R",27.96506900243992,24.99764640176912,31.711733377403718,-5.270413504768085,32.41650280467756,4.451433802237641
456781,"Solano, Donovan","R","R",28.125914975826614,26.309520964229936,31.76970134836744,-13.520266242261789,27.947781467693286,-0.1781335081333278
663647,"Hayes, Ke'Bryan","R","R",31.67855500145782,26.464871599464786,24.534622605089478,-18.638887685937256,33.679906922042875,2.001351920585043
679032,"Rojas, Johan","R","R",26.140372257875,24.925716535021458,31.807248182270786,-5.343659505976956,29.843648750590173,3.70327649271517
606466,"Marte, Ketel","L","L",32.44221923698489,24.300335449082112,21.796415074317345,-9.216568116170823,35.86716206317473,3.424942826189856
671289,"Freeman, Tyler","R","R",31.16151646350608,27.091673228528602,27.77411658541974,-19.192881823711975,31.32229650824378,0.1607800447377002
609280,"Andujar, Miguel","R","R",28.6339831507308,30.61619872377467,23.367287610438048,-3.4248631462510772,32.7145736027566,4.080590452025805
594807,"Duvall, Adam","R","R",26.475760110038564,27.688980783280666,28.146945523603907,0.7301079613834226,34.078551213215555,7.602791103176986
666182,"Bichette, Bo","R","R",29.536970770822286,24.168817510449916,30.44051864963355,1.337444809043791,24.956333913197156,-4.580636857625135
656716,"McKinstry, Zach","L","L",27.453109391371363,24.10259197747093,28.95839349871515,-5.375343626271847,28.339102371384314,0.8859929800129471
650391,"Jiménez, Eloy","R","R",16.599770688210135,31.40496360416838,37.8574685720288,-29.78952651590269,29.22861558200271,12.628844893792571
681481,"Carpenter, Kerry","L","L",32.62508257546729,30.195252238867567,23.242878551425978,-10.781657691730562,25.025385588852405,-7.599696986614877
621043,"Correa, Carlos","R","R",25.301085629791405,29.286416067932592,35.693397238297145,-1.004065173625112,27.45898848462098,2.1579028548295742
669911,"Toglia, Michael","L","L",25.277327634379073,30.565298762744362,35.23880343238593,-6.479235243913888,26.92652981838441,1.6492021840053352
672279,"Siani, Michael","L","L",28.727169950578993,28.040775806184417,31.23083283730802,-10.343536836654831,27.629705829521317,-1.0974641210576748
600869,"Candelario, Jeimer","L","L",26.88673369214052,27.411141426539093,33.5483530064977,-6.382643224795673,30.27722912442834,3.390495432287822
672515,"Moreno, Gabriel","R","R",29.11156384992593,27.531239650080405,34.275892844272,-9.536756335064354,29.869222126197563,0.75765827627163
592696,"Rosario, Eddie","L","L",26.45102645064275,28.477183619750402,29.003954552897266,8.169996560243005,30.264425406817427,3.8133989561746744
624641,"Sosa, Edmundo","R","R",27.508845890993186,25.154777728491965,35.49188667833372,-4.379307973899919,29.982822485298055,2.4739765943048675
678009,"Meadows, Parker","L","L",26.004699970341967,27.973608234883706,37.063075622140005,-8.698216270383568,35.18573832212367,9.181038351781702
680700,"Palacios, Richie","L","L",32.098222269868785,22.32909315291145,25.379954846590834,-0.7752190263686923,31.12374577517427,-0.9744764946945126
624503,"Gordon, Nick","L","L",27.291768817600158,25.382205182721336,30.097359796550812,0.976481541499341,25.066054909801185,-2.2257139077989767
543877,"Vázquez, Christian","R","R",28.266509658927845,28.557824006114775,23.391229968058003,-3.899817308183268,33.87975338047235,5.613243721544507
677587,"Rocchio, Brayan","L","L",24.091779635998183,23.619054138411375,33.850685807802314,-2.7840420355631834,32.446840689046184,8.355061053048006
666163,"Rortvedt, Ben","L","L",29.520775938556174,28.728807741118366,25.41524143862571,-21.611603672642616,30.56008709544387,1.0393111568876932
656896,"Rivera, Emmanuel","R","R",25.26046922686744,23.40414432016055,34.410750978764696,-8.006432234684468,31.228227465476532,5.967758238609088
608701,"Refsnyder, Rob","R","R",31.397278096328375,29.329357993811136,26.294987906360905,-4.20381632745608,27.929405163508907,-3.4678729328194646
593871,"Polanco, Jorge","L","L",30.74013490880574,27.504470528105752,27.63334880848779,-37.17652259829494,33.11152076817593,2.371385859370175
602104,"Urías, Ramón","R","R",30.22139796280786,28.53514273450128,29.676654752588806,-15.707927443489538,28.165622854609044,-2.0557751081988145
624428,"Frazier, Adam","L","L",20.199071248915534,22.212692174168886,39.17809886796904,1.50724133693306,25.064842041752925,4.865770792837391
643376,"Jansen, Danny","R","R",23.036469419298037,29.594950335401723,39.05001816050764,-8.513587975801691,35.287090161064,12.250620741765966
642086,"Smith, Dominic","L","L",30.261448589347022,27.800316781553864,34.503418025197355,-10.40548001330929,36.16148297649937,5.900034387152344
444482,"Peralta, David","L","L",28.395265092625472,27.75029269611612,30.91744924706165,1.0528626196890167,26.924924083833574,-1.4703410087918967
670770,"Friedl, TJ","L","L",31.651684082725996,25.814189917756774,30.060118089394688,-26.741958844334363,42.51057111894296,10.858887036216975
500743,"Rojas, Miguel","R","R",29.143509492633235,28.029621917231722,27.270865183782433,-10.17891376786124,32.656238311333546,3.512728818700317
695578,"Wood, James","L","L",28.046295246014648,30.132130638176935,30.352737780815133,-20.226993940633413,31.484119822057995,3.4378245760433432
593160,"Merrifield, Whit","R","R",28.15306177157904,27.90504510142143,25.541667146498426,-6.29175467292066,29.49339540494318,1.340333633364141
666152,"Hamilton, David","L","L",24.496302438976258,27.468299867086927,24.004085911055725,-0.07081472159162663,31.181786253506917,6.685483814530663
677649,"Duran, Ezequiel","R","R",29.592811002196974,25.432265169876306,25.935359463168545,-14.000649073240456,30.55276732895524,0.9599563267582655
608841,"Meneses, Joey","R","R",33.19658243050793,25.853532575216537,31.15118836352933,-9.976787450053068,32.98189109019183,-0.21469134031609394
592885,"Yelich, Christian","L","L",27.928011159554337,28.767022339195606,32.709952981736414,0.0934252440773213,28.92994379446055,1.001932634906207
572191,"Taylor, Michael A.","R","R",18.03168913859409,30.147571216758642,36.924614871186996,-1.628308391846968,30.54172273291329,12.5100335943192
694388,"Loperfido, Joey","L","L",25.93301944398292,30.867759152097985,32.73460733283629,-1.388902155494428,25.69409990627865,-0.23891953770427007
663656,"Tucker, Kyle","L","L",29.378899123509942,30.154997947674957,35.94537974242833,0.461475761365607,25.670699414158822,-3.708199709351122
621028,"Newman, Kevin","R","R",27.293089775718094,28.498325853067307,44.07510994149233,-13.291004500543524,30.12700257162539,2.833912795907299
545341,"Grichuk, Randal","R","R",25.507192906325315,28.776581204405982,35.911777276001715,-22.709523901197738,33.87504315538735,8.367850249062034
543309,"Higashioka, Kyle","R","R",30.38328145000584,22.833985028336055,27.979481401021776,0.18907654862982964,31.862507347400953,1.4792258973951113
663743,"Fortes, Nick","R","R",31.119324519695454,27.345208755167647,27.943480342900678,-15.863473356689026,30.21112338317804,-0.9082011365174048
608348,"Kelly, Carson","R","R",28.942139006729075,29.079882045379982,19.98441989172443,4.101905083775981,31.24465457251046,2.302515565781385
645302,"Robles, Victor","R","R",13.591235066932489,28.785936456899307,39.18891582986323,5.049100091195973,26.59185244247246,13.000617375539974
663527,"Nevin, Tyler","R","R",23.633247580289378,28.65689052137776,34.011142652637965,-7.490189455691648,27.884121594927947,4.250874014638565
621035,"Taylor, Chris","R","R",32.738938538519534,31.442790611365034,26.616217079032673,-23.036875845324218,32.946070851097,0.207132312577473
669221,"Murphy, Sean","R","R",32.33163079183467,28.636669501626628,27.22001670608883,-14.505201644560945,29.859151446524397,-2.4724793453102802
518792,"Heyward, Jason","L","L",30.805608776744908,35.99186359196296,33.537626412284396,-11.136938459002232,26.731869679072844,-4.073739097672059
660766,"Yepez, Juan","R","R",30.87451987134829,25.3754876421807,33.58395618880415,-7.046330603226109,26.04700860760998,-4.827511263738309
663698,"Bart, Joey","R","R",29.483862162798456,26.907403442178392,26.071936987832288,-3.575523485727481,35.8255013189881,6.341639156189643
628451,"Ibáñez, Andy","R","R",26.74699897947425,26.844278322617082,34.84908464811103,5.438151953681545,30.29769228190445,3.5506933024302016
571970,"Muncy, Max","L","L",26.585398662431725,28.954967135809287,24.92103006263466,-0.3836601829770056,37.24537915737716,10.659980494945435
595281,"Kiermaier, Kevin","L","L",28.412847439472785,29.773352843870004,33.194668642854374,-11.753157421487844,25.503890481455734,-2.9089569580170487
676801,"McCormick, Chas","R","R",20.225988248635954,35.41558420169872,27.2138680483764,9.314923823212863,24.644769979060133,4.4187817304241825
682622,"Marte, Noelvi","R","R",28.840084996275674,25.473262898527153,29.68946508599706,-25.90796124810408,33.28734354494874,4.447258548673061
595879,"Báez, Javier","R","R",27.120440183468723,28.601745599301005,31.247911677101705,-32.64283515278022,31.678776036574757,4.5583358531060325
669222,"Senzel, Nick","R","R",28.065210605846723,29.199497998173495,28.121909298122596,2.4870085493089644,25.863187201947063,-2.2020234038996596
607732,"Stallings, Jacob","R","R",25.91978633928507,27.78913847227467,26.735288325846156,-17.726905403442586,29.022895231793377,3.1031088925083044
647351,"Toro, Abraham","L","L",29.434723952192293,28.399212322586695,24.833104609657607,-14.160160355132803,35.43722566446409,6.002501712271796
670242,"Wallner, Matt","L","L",26.77280258548594,31.228289083122558,33.441113007247,-44.06825303084499,36.03752259335179,9.264720007865849
596142,"Sánchez, Gary","R","R",32.152132248733764,26.042011268987554,15.859997016050002,-26.567188392606546,37.10988871927017,4.957756470536413
666397,"Julien, Edouard","L","L",27.708745795158602,27.317917855181673,33.04643928466448,-1.6540843886982963,28.387936476467697,0.6791906813090947
650859,"Rengifo, Luis","L","L",17.32877792974985,25.11111815448401,31.866515300848835,-14.394075112057333,28.68782620923536,11.359048279485512
682177,"Schneemann, Daniel","L","L",28.800230018287863,26.358461941472104,26.309884211116824,-14.047833937457703,33.552040224049556,4.751810205761698
689172,"Wisely, Brett","L","L",22.41071519715492,22.737518525712357,18.886105044040676,-21.390079174807354,31.160168838328758,8.74945364117384
669134,"Campusano, Luis","R","R",24.142530262132915,28.09835964296102,27.050531210545266,-42.74094010166073,27.982184304106173,3.839654041973259
669261,"Suwinski, Jack","L","L",31.92948418176869,25.522627557647215,30.702993935907188,-10.958566837135145,29.30022494043899,-2.629259241329699
666134,"Jones, Nolan","L","L",26.0056289136041,27.93475406790307,32.32625074328219,-9.281716177396513,30.34470157082289,4.33907265721879
663853,"Gonzalez, Romy","R","R",27.333798432338764,27.61983102504031,27.495797514050654,-15.441440233331871,27.367333250158886,0.0335348178201193
696100,"Goodman, Hunter","R","R",27.340736724505938,28.782454872521026,22.296318451531672,-18.31081542591339,40.65420853260151,13.31347180809557
678246,"Vargas, Miguel","R","R",28.504707738951875,27.849807003619613,30.788059714516304,-1.473524596265579,34.17620014219063,5.671492403238764
641313,"Anderson, Tim","R","R",20.96073387438992,27.018865497011742,29.402158210724078,-5.554279726709885,26.14428255589821,5.183548681508287
669234,"Malloy, Justyn-Henry","R","R",30.277568557177947,28.096960097106688,32.948099951205805,-0.5241490837455725,33.4794824683415,3.201913911163561
608336,"Gallo, Joey","L","L",26.2588742960226,27.70592164206985,40.307766564832406,-19.2868914009276,40.00888543379659,13.750011137773992
669065,"Stowers, Kyle","L","L",26.83473865217106,28.99778715844835,33.51619797392526,-2.8829742773064475,29.046998945522983,2.2122602933519255
543510,"McCann, James","R","R",26.554095278287463,25.997211042894296,27.432657042872133,-17.44155476133265,36.600929918306,10.046834640018542
678877,"Noel, Jhonkensy","R","R",28.620172352714373,30.0384204589558,34.97354161255617,-7.157509668473976,39.31262858388089,10.69245623116652
623912,"Ramírez, Harold","R","R",30.106198596820086,29.17361589512921,27.65434917377268,-2.360206578235477,26.739457914181777,-3.3667406826383037
663368,"Perkins, Blake","L","L",23.29059186037166,30.198711027750644,37.817399908363996,-3.7900615446547024,24.957583726050835,1.6669918656791742
669720,"Hays, Austin","R","R",12.601887025625295,30.905717820347316,28.612932787920844,4.3485945267356865,33.65378392215053,21.051896896525243
665828,"Cabrera, Oswaldo","L","L",27.524799981895754,24.944308341962124,34.60445109380321,-11.692456577481176,28.971827870054245,1.4470278881584935
660707,"Montero, Elehuris","R","R",31.7601310792249,22.906094542744796,36.095540541387315,-11.755725750965185,37.40439726077552,5.644266181550621
681393,"Norby, Connor","R","R",28.208005638864076,28.435183294024267,30.149688464665832,-9.273379010934844,29.4804075492003,1.2724019103362272
671056,"Herrera, Iván","R","R",32.11596356677548,29.240447883175985,33.792626584702354,-36.63300833794065,29.394149175336224,-2.7218143914392496
686780,"Pagés, Pedro","R","R",28.543546951411038,29.071119061857733,38.230096796343865,-8.124281317563787,31.989456026489034,3.4459090750779904
605113,"Ahmed, Nick","R","R",35.740633204523434,27.292788717935927,19.920098213625803,-19.262414893444348,35.06930300459855,-0.6713301999248726
672695,"Perdomo, Geraldo","L","L",15.38594746696924,26.61145987878331,39.341064838148824,-9.026261370813735,24.865441765272767,9.479494298303523
571657,"Farmer, Kyle","R","R",24.88536243202149,27.06113039995196,26.059837476269703,-21.388045430026935,33.38480621978358,8.499443787762083
681146,"Bride, Jonah","R","R",27.20785872473885,31.09096362826601,27.58440884888261,-22.224432674540747,32.94454601844658,5.736687293707737
641432,"Calhoun, Willie","L","L",31.997589179237583,28.349370456206866,25.8523897866543,-20.893619011050284,32.688870123436,0.6912809441984241
666150,"Fletcher, Dominic","L","L",31.64915151776232,25.897849260412375,35.48453167281937,-1.7879156617149876,27.505718223604912,-4.143433294157416
641658,"Hampson, Garrett","R","R",34.26665514271109,27.55669145002968,16.885311429608958,-9.733721816071172,33.09017326418609,-1.1764818785249853
680718,"Barger, Addison","L","L",31.181592002840432,26.255033490117302,25.81707599143836,-14.625258278321539,25.080765314846506,-6.1008266879939255
668885,"Martin, Austin","R","R",29.770329106419876,26.454697331144047,30.63125936248412,-6.568875935415702,31.817389100950816,2.047059994530946
622761,"Mateo, Jorge","R","R",33.33145558071096,27.97638073519895,37.97374741790812,-11.888848999919833,30.78781301611784,-2.543642564593122
671213,"Casas, Triston","L","L",32.02163514665567,29.629111855677525,21.39958204991992,-0.5576798634363508,30.274392070318076,-1.747243076337595
677870,"Jiménez, Leo","R","R",25.971084009790502,28.457407991749943,34.5458513797838,-1.2110450935002453,29.48169797877207,3.510613968981563
669003,"Mitchell, Garrett","L","L",30.101919096777277,27.412703093536106,29.4883873429576,-22.094689353045386,29.40828353361622,-0.6936355631610582
676369,"Velázquez, Nelson","R","R",30.77481618629827,27.013707414042933,30.40154341809997,-14.677935562445303,32.42467601647951,1.649859830181236
660644,"Bruján, Vidal","L","L",30.23732569844027,28.41771506897542,23.60563302924847,-30.196414720726693,28.629659231801888,-1.6076664666383802
702616,"Holliday, Jackson","L","L",26.888525121907048,27.20869282693078,25.848103876009112,-1.7376908568992278,26.632637383420523,-0.2558877384865279
656413,"Fairchild, Stuart","R","R",30.3503092956154,24.54334633988691,22.35953182518113,-1.8389988217482383,35.94498816249009,5.59467886687469
669364,"Edwards, Xavier","L","L",19.632100805591175,25.11513586106517,30.654878943290026,-6.53709025535196,24.45118419190993,4.819083386318751
527038,"Flores, Wilmer","R","R",27.995793440163865,24.419014236511735,42.450783110009134,-5.267939487470525,31.126026380507994,3.1302329403441242
660670,"Acuña Jr., Ronald","R","R",29.9900486178065,29.142682295287276,33.661711281703624,-10.81237284240794,31.11420570452519,1.1241570867186899
665839,"Valdez, Enmanuel","L","L",31.02351518156269,25.240416890776775,34.759240975709545,-17.49060664503216,28.291963567196476,-2.7315516143662153
691016,"Soderstrom, Tyler","L","L",30.37753596413681,31.485173657688893,34.44364847202933,-8.097440227195811,30.257031525997515,-0.12050443813929543
606466,"Marte, Ketel","R","R",30.999657149317617,26.41112403634426,20.750723059893666,7.483222507384208,33.78423200911745,2.7845748597998368
702358,"Lipscomb, Trey","R","R",29.833066688357302,28.830553971466426,37.39634536128514,2.9956131069053447,25.77364563069988,-4.059421057657426
663728,"Raleigh, Cal","R","R",26.24697726247519,26.43045511616971,27.7884146493109,-2.7040310430326757,41.005610460851884,14.75863319837669
608070,"Ramírez, José","R","R",28.425461209775047,24.850655054815363,27.122319638518004,-5.505111447881388,32.19631143887248,3.770850229097427
605170,"Caratini, Victor","L","L",32.88092347799658,24.053261942313018,25.166975459535678,-23.117635317638427,36.388136216258395,3.5072127382618126
667452,"Julks, Corey","R","R",31.300766754142167,29.9957303943713,27.56758779873418,-17.011282737728617,36.26321601081063,4.962449256668465
668804,"Reynolds, Bryan","R","R",29.104436531164268,28.443390943955393,37.15085784092319,1.3177272769256079,29.31263916682221,0.2082026356579401
682829,"De La Cruz, Elly","R","R",29.80661198083802,29.38840337254115,32.090448113531565,-15.475746172540275,37.22559105760375,7.418979076765729
670764,"Walls, Taylor","L","L",28.789214753415646,26.213810521523776,29.547429927786798,-8.847664304778982,26.81946392482133,-1.9697508285943148
608671,"Jankowski, Travis","L","L",30.195195915238788,28.544699692152797,27.37148590469291,-4.307847440323852,23.616129376746176,-6.579066538492618
543685,"Rendon, Anthony","R","R",23.726685060091924,24.433253370854093,33.24275611783735,-17.365279454376637,27.32394021504874,3.597255154956816
687597,"Beck, Jordan","R","R",22.033615785861205,32.45096981886433,29.52973937498453,-9.98498720362187,28.576930745443683,6.543314959582475
596117,"Stubbs, Garrett","L","L",26.82066549000347,23.631345120517402,38.1879114231416,-2.1093855848157674,25.724403702016016,-1.0962617879874568
621550,"Wisdom, Patrick","R","R",28.814580403130243,30.567344938209025,35.28978156665608,-3.993756055763711,31.603303150599785,2.788722747469541
658668,"Olivares, Edward","R","R",30.03939255932045,25.485692808628734,28.553270854337665,-27.219284832581057,29.729129084448914,-0.3102634748715364
518934,"LeMahieu, DJ","R","R",29.09413503142299,32.99224730227766,37.165056813885556,4.885831807673877,24.20031212227781,-4.893822909145184
663662,"Cameron, Daz","R","R",26.7101894148668,27.330514224231802,29.880308937698725,-18.110137235288796,30.95470700233177,4.244517587464974
665506,"Pache, Cristian","R","R",28.770719571653586,27.700947711781854,38.90819964174541,-19.236767222478917,28.319077047997183,-0.4516425236564041
596103,"Slater, Austin","R","R",28.479137181930515,25.272575995189662,26.515464673515194,-1.1865711415023126,29.630302864115194,1.1511656821846772
624431,"Trevino, Jose","R","R",19.049708230800082,31.820972780444063,21.129568591570667,-0.9032867164000035,29.265731912015145,10.216023681215063
677588,"Tena, José","L","L",32.55558974485209,26.288366847437633,21.65402617997585,-37.4346286140129,35.402292965303566,2.846703220451471
623993,"Santander, Anthony","R","R",23.71757071583646,27.133922391157395,28.394386874427113,-3.8259384194967914,30.485370560341952,6.767799844505493
700932,"Manzardo, Kyle","L","L",23.7811064946815,29.630377053134318,34.83066344732538,-4.879388209715064,34.06895027180124,10.287843777119738
677942,"Alexander, Blaze","R","R",27.066850249358907,29.870664768609082,34.85204886605267,-13.994641332672046,24.08460261198262,-2.982247637376286
686527,"Canzone, Dominic","L","L",33.03317051204363,28.472437491610613,22.752369183492053,-20.175376215128363,38.58719481993746,5.554024307893829
700250,"Rice, Ben","L","L",30.2409150430407,29.73160581007251,31.88406441243584,-7.842746732579098,27.38888426761059,-2.8520307754301153
641645,"Guillorme, Luis","L","L",28.776121190311223,27.98395262568393,34.40328063555989,-6.448114973932135,19.276622417476005,-9.49949877283521
672356,"Arias, Gabriel","R","R",30.47282335616844,32.95566938828231,30.744178226591927,-2.6604555210166416,31.698028475593087,1.2252051194246376
642136,"Thaiss, Matt","L","L",28.770047623367788,27.589550222501444,27.80473642303027,-3.84483817837032,28.93790075331158,0.16785312994379176
650489,"Castro, Willi","R","R",29.91228133111034,25.746312200539105,26.573576582139435,-2.836083332091381,33.73863186787599,3.8263505367656423
656577,"Jackson, Alex","R","R",29.993086068842228,27.32553061744153,35.453120885946475,-8.345769468063544,33.98577436813883,3.992688299296596
656537,"Hill, Derek","R","R",30.252098892510073,26.568909613882315,21.63790525665033,-50.30816303127787,33.05302757450117,2.800928681991096
673962,"Jung, Josh","R","R",21.4019911325318,25.76116139489217,25.263589247983465,-1.325366094223346,34.08761698580962,12.685625853277816
664023,"Happ, Ian","R","R",25.947519494085906,32.86605013496525,26.010926651393238,7.90032094146253,31.510548868073634,5.563029373987729
666185,"Carlson, Dylan","L","L",28.29715300087372,26.28613076859248,24.90757133386216,-7.743511664648412,28.984881395056558,0.6877283941828364
624415,"Biggio, Cavan","L","L",28.235992004303327,24.36378996084231,31.142472284131006,-1.5336641558220026,27.58345057213953,-0.6525414321637966
596019,"Lindor, Francisco","R","R",28.016916137726444,26.377573698971915,26.5185404412423,-10.689723511115568,32.40926096111515,4.392344823388709
605137,"Bell, Josh","R","R",31.090964678209115,27.35014925544071,32.44339931026797,-16.54699576968814,24.26725079996889,-6.823713878240227
668939,"Rutschman, Adley","R","R",26.848010833291816,26.356919040246066,39.00544384624276,-13.410903172898836,28.857009137914076,2.0089983046222595
666135,"Kirilloff, Alex","L","L",27.79526309915339,28.181377584884583,34.53467433883425,-7.543096938131987,26.79108585427619,-1.0041772448772053
663757,"Grisham, Trent","L","L",33.83901684132186,29.096465110000697,16.780320438585942,-10.530325084905257,25.595703862984777,-8.243312978337073
691023,"Walker, Jordan","R","R",28.073593306420488,27.63849346567901,24.963080832395942,-41.96541300219039,33.959644506556984,5.886051200136496
691406,"Caminero, Junior","R","R",26.574262200912077,27.95359008298034,27.3435772432393,-38.75915374872382,34.18453333668837,7.6102711357762844
683146,"Baty, Brett","L","L",26.40178714867136,30.1696308427309,38.825637539672215,-4.178092270681856,29.828984809022113,3.4271976603507497
621512,"Nido, Tomás","R","R",27.62635924060485,32.050934383747666,39.71169896576375,-9.674811991956282,27.54897792765596,-0.07738131294888745
656541,"Hilliard, Sam","L","L",26.70133389393358,28.67567792057434,24.57839239441908,-15.18196901294852,32.65538978786568,5.954055893932105
621466,"Stewart, DJ","L","L",27.266674733107767,29.222882722925938,36.489201795336726,-7.06659282144439,29.31614841563943,2.049473682531661
542194,"Bethancourt, Christian","R","R",20.25410498014274,28.75085428651336,27.602737525197174,6.216677709087162,30.1881816252916,9.934076645148867
518735,"Grandal, Yasmani","L","L",30.869865732210396,25.54439482198008,24.136991055562298,-12.361393822497092,34.46198027129603,3.592114539085645
665953,"Chaparro, Andrés","R","R",28.968869575889634,27.156862023606983,31.2802373688385,-34.957809174486705,32.32235932337026,3.353489747480628
595777,"Profar, Jurickson","R","R",28.495628036718568,27.971635548871408,22.50712048915095,-34.67320546721013,32.903407286857956,4.407779250139385
682641,"Matos, Luis","R","R",28.55411608191971,22.483649674184328,36.063200082347095,-5.99688448139579,33.82861753310488,5.274501451185162
605361,"Martini, Nick","L","L",29.803814401769998,28.1230957913854,29.99797042066657,-19.020599699453534,27.77412171492582,-2.029692686844177
668832,"McCann, Kyle","L","L",33.65801082047075,29.323121651264817,33.51300025636028,-4.324002269195423,36.27456382479252,2.6165530043217684
600869,"Candelario, Jeimer","R","R",28.47644948252106,26.069591161010525,33.547814296517565,-6.594810399420413,31.5817789044265,3.1053294219054393
669242,"Edman, Tommy","L","L",29.20559708779613,25.95710852028694,22.947956523412394,-14.9787099085177,29.694715752544155,0.4891186647480279
595978,"Hedges, Austin","R","R",28.228383688916423,28.301273838116114,33.44541375973431,-14.86260850104645,34.76149528895092,6.53311160003449
700242,"Sweeney, Trey","L","L",28.416644770224046,27.107083873360136,22.947713194643605,-22.277461157924964,34.3626202827987,5.945975512574654
655316,"Monasterio, Andruw","R","R",27.005515444744972,25.80422751506742,30.68921669320428,-11.123758711718668,32.15263080380741,5.147115359062432
663368,"Perkins, Blake","R","R",23.064714055071757,30.7549949323853,36.113469187514085,3.9828014388685578,24.03102269780432,0.9663086427325625
593871,"Polanco, Jorge","R","R",23.678547029895483,25.54350050649309,30.395435572127493,-18.721324357601336,32.91934362274425,9.240796592848763
545121,"Vargas, Ildemaro","L","L",12.926832125469344,26.06411659899445,36.07126962389693,-8.389152886127398,21.738352226011916,8.811520100542568
605204,"Davis, J.D.","R","R",30.08955313467557,31.590604990499497,33.26266572925026,-8.464941611081905,22.921251671528797,-7.168301463146771
645277,"Albies, Ozzie","R","R",32.271968416116806,17.688744933847936,28.649743067941493,-53.67315619482566,35.593393793550696,3.3214253774338904
571912,"Maile, Luke","R","R",27.66270408287088,26.686841168428167,36.22682307704502,-2.833746922566291,34.16344722421353,6.500743141342645
605131,"Barnes, Austin","R","R",27.016379947401553,27.03603127282433,22.873878730636584,-9.073536153360148,30.132038929052456,3.1156589816509053
669911,"Toglia, Michael","R","R",21.46452838227415,31.224798352770524,35.81701666137918,-4.807257374599485,29.752629060324487,8.288100678050334
687529,"McCray, Grant","L","L",27.071498721119685,25.887396007157335,22.200725773488216,-6.994205419515467,30.465640309044993,3.394141587925307
572761,"Carpenter, Matt","L","L",35.115565784558505,27.011027442533294,16.987410177427595,-27.4997632161851,29.635897527859292,-5.479668256699212
467793,"Santana, Carlos","R","R",27.91265685546169,28.5123741646928,27.11819303584981,-22.00357231218203,32.965900561249406,5.053243705787712
677587,"Rocchio, Brayan","R","R",21.04372945296437,26.561878503138626,34.43598992505448,-5.072911943791567,31.75043325048505,10.706703797520682
679845,"Loftin, Nick","R","R",30.1764437362414,28.348785160875384,26.820345595264158,3.2353093998666247,31.054922159097963,0.8784784228565621
664901,"Mendick, Danny","R","R",27.75874719529691,30.952805296302206,30.44837369306489,10.391334483240783,25.571619943206993,-2.187127252089919
592178,"Bryant, Kris","R","R",25.911134209772744,28.894256994752556,39.70868958466818,-3.757407552612177,31.962103549060284,6.050969339287543
455117,"Maldonado, Martín","R","R",25.83196122078851,29.127935799099642,32.867510869028415,-6.168302844519423,35.672858492735045,9.840897271946536
656180,"Adams, Riley","R","R",28.130380584750824,29.55906333460057,40.63046683893554,-9.677879975573305,26.761062952863092,-1.3693176318877356
665019,"Clemens, Kody","L","L",31.932576483406315,27.059274959078923,30.229359692444437,-31.72238150712165,32.37793546480329,0.4453589813969805
666018,"Aranda, Jonathan","L","L",28.97626464680682,29.6698761476155,29.292141301688243,-23.32267506317465,28.90670758707614,-0.06955705973067623
686797,"Lee, Brooks","L","L",25.745129689815997,29.01889500099005,35.292947902190356,-0.21081652445552104,30.843531862889314,5.09840217307332
666464,"Encarnacion, Jerar","R","R",28.000880340490863,31.618756473496326,31.1095463693293,-0.2176994105573619,29.317125198531947,1.3162448580410864
624512,"McGuire, Reese","L","L",34.51674984687965,30.16741899284478,33.442740547743874,-5.4063995715289,30.380156316380557,-4.136593530499088
656976,"Smith, Pavin","L","L",30.10878775907282,28.95214464347727,29.429962940760927,-6.690010148343804,30.56985019182784,0.4610624327550211
682657,"Martínez, Angel","L","L",31.032790280030493,25.521787747911418,35.28620946709748,-22.977869120250208,33.231796837117145,2.199006557086649
686611,"Crews, Dylan","R","R",31.927274332045698,27.38487151088313,30.283833825976572,-13.894677778854355,29.67382039540992,-2.2534539366357826
677008,"Kjerstad, Heston","L","L",29.528060731755566,27.89892917159085,16.179243513744705,-7.877743963662451,28.485760575369326,-1.0423001563862382
681546,"Outman, James","L","L",28.437749655965884,27.243460431926092,31.974360353030324,-6.293203572519511,29.880143645857512,1.4423939898916252
620443,"Torrens, Luis","R","R",28.178268537143467,28.514151130226082,31.856495181830645,-4.1375346536033994,28.3238918102782,0.14562327313473178
687363,"Scott II, Victor","L","L",28.96383663767848,24.20232608939116,33.96792770755637,-13.129201835955078,28.518322591460205,-0.4455140462182805
680118,"Blanco, Dairon","R","R",27.69103257462108,29.00694249058043,22.157256508760167,-2.5327681739067236,25.39972754316358,-2.291305031457502
687231,"Hernaiz, Darell","R","R",30.535090597994913,26.36170490521964,32.04724906365184,-9.565858713596937,30.475201364547612,-0.05988923344729749
668845,"Schunk, Aaron","R","R",24.04143424673764,27.551530994251163,28.9730621641704,-14.917387635428906,29.18546338639112,5.144029139653485
678554,"Mead, Curtis","R","R",31.521239361377635,29.260521073438504,16.351616297806235,-4.729588011804135,28.898742353600227,-2.6224970077774046
545361,"Trout, Mike","R","R",30.02518294846147,25.90044636753219,28.576865610887737,-6.575160570737259,25.824779641160916,-4.200403307300552
641680,"Heim, Jonah","R","R",28.938911216565135,31.40146348252494,22.63387494109175,-11.705772863655403,28.448001658665543,-0.49090955789959156
664314,"Florial, Estevan","L","L",29.929327415852224,26.92396520895427,28.613787619987892,-12.481119448192416,33.70209853920593,3.772771123353701
808982,"Lee, Jung Hoo","L","L",25.324117252852137,22.713238065013947,26.2221839877272,-33.184008715083486,32.70664189819839,7.382524645346255
660688,"Ruiz, Keibert","R","R",30.99353725755588,30.848049735353985,31.81467741575283,-19.090639287505045,36.50380489167744,5.510267634121564
666185,"Carlson, Dylan","R","R",27.133440236186996,26.65869523383944,25.98834560013211,3.1517639767801287,28.87705919080681,1.7436189546198158
672761,"Pérez, Wenceel","R","R",27.07104900672345,24.71004534812956,32.414422551715816,-6.956242372946803,28.383106310269024,1.3120573035455743
669743,"Call, Alex","R","R",32.20153951022601,28.572274553929017,25.883486781650884,-39.400888890744746,28.8824033414035,-3.319136168822512
642180,"Wade, Tyler","L","L",32.08931187896645,27.306035055553437,36.152786468494874,-29.941792846049076,27.524112254359387,-4.5651996246070645
680779,"Davis, Henry","R","R",32.65206306125545,28.728908831387265,30.805691288163874,-4.009566942652138,31.71810232967504,-0.9339607315804107
694497,"Carter, Evan","L","L",29.156925727444342,23.13479096140884,26.179115071586967,-16.64022363026974,33.81016753213222,4.653241804687864
643265,"Cooper, Garrett","R","R",34.69392278562174,32.25803011886492,28.64503455046305,-21.907565178421393,27.64797270748751,-7.045950078134231
687093,"Grissom, Vaughn","R","R",26.687390020042912,26.86890934339964,34.88760286426692,-25.436452867783004,29.887546599429307,3.200156579386392
695391,"Harris, Brett","R","R",21.043410513951844,25.033705517969178,37.33016291979723,-3.6103226536214854,27.054493494374,6.011082980422164
592200,"Casali, Curt","R","R",26.38251710966094,27.060454995666117,35.73505289897607,-13.087145084011688,35.23618284924248,8.853665739581531
681460,"Baldwin, Brooks","L","L",28.954010282591188,28.7395466642132,27.351808575198813,-3.812677305895222,35.189670785514465,6.235660502923276
543228,"Gomes, Yan","R","R",29.486390390622567,27.19910520632798,33.76143590467739,-9.146029729271255,32.672987238040434,3.1865968474178556
543257,"Grossman, Robbie","R","R",26.196828768093688,27.039756101610514,34.6699548812847,-0.6837490097538873,40.84265545352513,14.645826685431441
669477,"Schmitt, Casey","R","R",29.453180750303748,22.76727368714728,23.85743711231919,0.4094592061893808,33.340954783203,3.88777403289926
687952,"Encarnacion-Strand, Christian","R","R",30.477221728483467,28.534081334884014,29.26033546041301,-21.18427147528281,31.485194879006148,1.0079731505226786
683021,"Stefanic, Michael","R","R",26.44762165938418,27.860184090767444,30.532462103824074,-14.469862875185632,27.603611452615574,1.1559897932313952
545121,"Vargas, Ildemaro","R","R",28.293322199392026,24.947075702690473,30.423653264865862,-12.03237530725755,28.782923491125544,0.48960129173351946
668800,"Knizner, Andrew","R","R",27.721669172048124,26.231195543755316,32.06141080220054,2.5900811298911903,32.76421169510412,5.042542523056008
649966,"Urías, Luis","R","R",29.22763709142039,27.212824824971715,29.952288769197448,-12.689754814491382,31.79220640860188,2.564569317181493
693307,"Dingler, Dillon","R","R",25.81490468031658,27.314496590693015,35.68149778280508,-7.263372181501589,26.694014548673675,0.8791098683570924
547989,"Abreu, José","R","R",25.20841473034367,32.20643439887563,34.06467077268787,0.9626489904732889,28.275380422252155,3.066965691908485
682868,"Ramos, Bryan","R","R",27.20757384936008,28.897507493919196,42.23124973767228,3.1811346254582826,24.441065710006548,-2.766508139353536
669364,"Edwards, Xavier","R","R",17.041722865848854,24.849497445674626,30.541479804085792,-6.367978214883476,26.196667564146626,9.154944698297783
690291,"Jung, Jace","L","L",31.327423643919346,25.585392804743687,28.724711127846618,-9.019986420552096,28.786364654447336,-2.541058989472008
672275,"Bailey, Patrick","R","R",25.51948114893056,28.612376307278012,27.283030431451444,1.0394191096062697,26.921025727320448,1.4015445783898923
666915,"Dalbec, Bobby","R","R",28.108183490764496,28.417002688389566,22.805089800272142,-7.645310040610685,32.20137540359532,4.093191912830824
543257,"Grossman, Robbie","L","L",21.960542018131292,27.470661188970688,34.28625395134547,-7.468915204878358,38.09917410803705,16.13863208990575
667472,"Myers, Dane","R","R",31.771655985079875,27.014387987907767,20.861443112859366,-14.8707970819976,28.899950150973286,-2.8717058341065878
665052,"Conine, Griffin","L","L",31.03430465451573,29.354652934163834,33.57874258534546,-21.29826686870655,25.538545249883438,-5.49575940463229
694359,"Kavadas, Niko","L","L",28.64228804469006,25.876324521986508,24.066317967296804,-1.7731531860020346,36.2723499672945,7.63006192260444
642215,"Wilson, Weston","R","R",25.38619907671295,28.20601166239934,31.896283835622796,-8.307739514602405,28.38874892016415,3.0025498434512072
664770,"Lukes, Nathan","L","L",27.935566017123186,29.999447377777233,30.64416242774975,-2.3798683061482317,25.536036992126284,-2.3995290249969052
695238,"Wagner, Will","L","L",24.34691592581816,26.304296934513477,41.31774411872872,2.254806126485088,22.612355727946063,-1.734560197872093
680728,"Del Castillo, Adrian","L","L",32.478212134336765,28.93956284619576,27.625872631645638,-47.722655765748215,33.89307285750386,1.41486072316709
656248,"Bouchard, Sean","R","R",27.945431409746075,25.538446526859186,34.882447071456724,1.486113512976442,31.476934625078673,3.531503215332603
663550,"Cabbage, Trey","L","L",26.030366193054185,27.350624148283973,41.969352907242,-3.184938398971827,33.34266678023754,7.31230058718336
642020,"Robinson, Chuckie","R","R",28.151729411028192,27.990285981389263,32.16161732186861,-4.491118170026188,21.557595547228672,-6.594133863799517
493329,"Gurriel, Yuli","R","R",14.542887746340172,28.46223669079119,33.02631275749024,-9.063145629126666,29.070864156813933,14.527976410473762
805779,"Wilson, Jacob","R","R",28.104047945919923,22.98621129916307,29.67801444383761,-41.26221240633314,32.87847177006551,4.774423824145576
593934,"Sanó, Miguel","R","R",26.96247854550016,29.199671503494933,29.810022944698307,-1.6852913379181522,28.89629322577065,1.9338146802704888
676116,"Noda, Ryan","L","L",24.420282289296722,27.39022415509533,37.26365496711809,-1.5830887499623616,31.75381408573387,7.333531796437145
645305,"Sánchez, Ali","R","R",27.408164161538927,30.381717574342268,36.61213689880021,-20.204573724023902,27.98512490088029,0.5769607393413679
663611,"Madrigal, Nick","R","R",22.715865142062334,23.925536228268562,26.476507338927743,-0.7302013957660083,26.39820646113221,3.68234131906988
686554,"Dunn, Oliver","L","L",29.348545894574638,24.373327649697536,33.28722042739196,-5.364274511906747,28.486262920514616,-0.8622829740600225
543063,"Crawford, Brandon","L","L",29.64379878442558,26.235496700224417,31.698805889330547,-29.227031840702416,32.14037025041112,2.496571465985535
677950,"Thomas, Alek","L","L",27.510595438615493,29.25479214120302,17.673393347867812,-23.210289593544307,33.90753972607714,6.3969442874616345
605346,"López, Jack","R","R",28.46361300427539,30.006279031616995,25.515470145280126,-23.205064764069007,30.55433491559341,2.090721911318018
672695,"Perdomo, Geraldo","R","R",17.63958641648634,28.033003095113827,39.841693884109944,-10.709421046978564,24.829155949329614,7.189569532843276
665750,"Taveras, Leody","R","R",29.668483156127767,29.72709285020462,31.397778613716117,1.1639800201060393,30.883287022929537,1.2148038668017658
670156,"Mastrobuoni, Miles","L","L",26.883101617348924,29.128371333054922,32.789915653593326,-12.977380865525364,31.413902783451988,4.530801166103065
668731,"Baddoo, Akil","L","L",29.329980795930922,30.122983134141393,36.80314189616236,-15.84572486479148,29.36554422960178,0.03556343367085224
640492,"Azocar, José","R","R",26.916962458294552,28.236519994193888,32.665981852382735,-1.7758807245541337,28.61236739564493,1.695404937350378
676113,"DeLoach, Zach","L","L",33.236885988278104,29.322379163932304,30.353930676805906,-17.7493766083222,30.099798709597057,-3.137087278681041
675961,"Williams, Alika","R","R",31.486365208152613,27.342471393503587,29.614347865535105,-5.122732019446206,29.415298564176556,-2.071066643976059
678225,"Bae, Ji Hwan","L","L",30.847400395476118,23.584719043630443,30.235460542412046,-15.935313570270761,27.573924952060256,-3.273475443415861
592325,"Gamel, Ben","L","L",32.264022603990654,26.89158500069873,23.43790160683696,-22.27629222071596,33.190794174480544,0.9267715704898929
669397,"Allen, Nick","R","R",27.40109625826381,27.038192696506577,32.463632423125304,-6.888241793659669,33.479345539124076,6.078249280860265
647351,"Toro, Abraham","R","R",27.357182486239463,26.878875213426376,26.014206018895393,-14.052795710376195,31.719087463720694,4.361904977481236
596115,"Story, Trevor","R","R",23.74935853102745,30.415680238986063,36.120490303726285,-20.437995115122355,33.79426337068493,10.044904839657477
621311,"Dahl, David","L","L",23.515645414623197,26.248046857492003,30.249491663394217,-3.4558241603002955,26.36943498286347,2.853789568240269
670097,"Short, Zack","R","R",34.41661931318709,26.32816660457787,24.717199428522413,-20.094728383981472,33.93883152814983,-0.4777877850372626
641943,"Palacios, Joshua","L","L",25.613566093349196,31.163306570710294,33.31126343228838,-9.533752291856382,27.02640630606949,1.4128402127202928
676632,"Madris, Bligh","L","L",29.124832357968323,27.006122813935637,37.63765582067904,-13.827158830268901,31.191922234159204,2.067089876190877
571466,"Barnhart, Tucker","L","L",30.941322480150564,27.833585357907577,21.347389300969606,-12.720439603390352,31.90262284011534,0.9613003599647767
605170,"Caratini, Victor","R","R",31.205753100011055,25.82404937350981,29.596506272658598,-18.748251226093704,34.59245886896758,3.386705768956524
682617,"Luciano, Marco","R","R",29.381538708000924,27.2735543489108,33.048428641222586,-7.70990660712428,30.859382566332894,1.477843858331966
606992,"Haase, Eric","R","R",25.116283802504405,29.92056415882555,37.10937823702117,5.812262641858576,29.56187032131401,4.445586518809602
686765,"Sogard, Nick","L","L",17.129329299778455,25.011018704565963,25.39015437118334,1.8156875945817004,35.179189998303336,18.049860698524885
660644,"Bruján, Vidal","R","R",28.178663071921527,25.528077750615815,28.83155716851693,-5.33552787563656,28.580748142389666,0.4020850704681391
645444,"Herrera, Jose","L","L",20.80378874508298,26.30746551084792,29.978489393050655,-13.384304295363489,33.34093331913883,12.537144574055842
553882,"Narváez, Omar","L","L",26.320868727563127,28.593704426081633,32.129893976107276,0.754852951899325,29.324331627590137,3.0034629000270074
701305,"Dezenzo, Zach","R","R",26.768754219612944,27.006942604719594,38.9044860528309,-6.88426805118693,30.75285922597421,3.9841050063612657
542932,"Berti, Jon","R","R",32.658466750348865,28.309652041246945,22.36485486570739,3.0222460781226697,24.588426608548744,-8.070040141800124
676572,"Wagaman, Eric","R","R",27.84458948381123,27.041180643774105,25.338318100124436,-2.1733968786979427,25.143249079075503,-2.7013404047357295
650859,"Rengifo, Luis","R","R",14.66317250771931,27.34864753311959,37.34675380734899,-18.17937681269913,29.018844659513476,14.355672151794169
669208,"Bliss, Ryan","R","R",27.24291904799987,25.74094188509424,18.63537294184888,-1.041091801283059,29.628779094795178,2.385860046795316
665877,"Fermín, José","R","R",29.860655626852925,25.89398674496731,26.00340922467228,-4.168224621368023,30.637855342155923,0.7771997153030005
665828,"Cabrera, Oswaldo","R","R",25.774991850464538,26.83479340306543,36.698797965514025,-9.20149056971468,27.965325341570903,2.1903334911063665
674441,"Hurtubise, Jacob","L","L",33.46627050243194,24.707631332423396,27.296326031246483,-21.678367380774908,27.52795904968956,-5.93831145274237
661531,"Serven, Brian","R","R",21.996497932950483,24.835987821215486,28.45111499606941,-2.605446515902528,31.67358548864316,9.677087555692678
645801,"Ford, Mike","L","L",23.92369225572983,26.526054186885116,24.858449655111553,-67.09722309339057,31.916728043795217,7.993035788065386
668952,"Kreidler, Ryan","R","R",26.93757884413785,29.987206106421567,25.322480709910504,-6.8680904913301735,32.48946959614844,5.551890752010591
676701,"Trejo, Alan","R","R",28.720624003115645,28.792658511470016,38.17969627941755,-8.445986091112767,32.82221059401832,4.10158659090268
676070,"Amaya, Jacob","R","R",29.808912699448193,28.02667733744928,23.467474630897488,-19.771266930586847,24.561124348544514,-5.247788350903677
695257,"Cook, Billy","R","R",24.945437009117544,25.935086193303462,27.60554279547823,3.3801470241175817,31.233914604234567,6.288477595117021
670764,"Walls, Taylor","R","R",28.992464208727093,25.785742093522938,26.437725885700008,-11.606023526703344,29.900288867024024,0.9078246582969312
668723,"Vilade, Ryan","R","R",31.513201125625727,26.741664290196894,27.692574482159007,-18.109938276922353,30.610666357197026,-0.9025347684286967
669242,"Edman, Tommy","R","R",26.651257700302082,29.233183592259195,22.341315298549915,-8.276634526380692,28.585112380675998,1.933854680373915
672012,"Black, Tyler","L","L",29.342448861348842,25.358208237948098,17.58405754125542,-1.6748061150096758,28.110056695566183,-1.2323921657826598
677956,"Hinds, Rece","R","R",31.22675720248597,27.043272081574933,31.26353907874034,-8.957476490794127,35.153297539881585,3.9265403373956156
665923,"Ruiz, Esteury","R","R",28.63486647190891,28.8074580026566,37.16571680486218,-2.85189914988587,30.663467467125944,2.0286009952170407
682988,"Locklear, Tyler","R","R",17.362350006322792,31.136718428803267,30.53286839873054,5.613766598262725,23.84229039651641,6.479940390193618
677347,"Paris, Kyren","R","R",33.18868252890531,26.62611909705403,22.203812879828302,-2.5204284013723037,22.19851284621054,-10.990169682694765
695336,"Saggese, Thomas","R","R",25.624140290727773,25.1505944015626,21.62046149860634,-6.1196091075020504,30.36410141059141,4.739961119863643
663609,"Baker, Luken","R","R",26.63519004716227,28.186811538656354,33.88329602458309,-18.433466276321642,28.41344452941895,1.778254482256681
623520,"Bote, David","R","R",28.99970248035905,31.438193307478365,29.003773424709074,-12.47711246238268,33.62327707533402,4.623574594974972
679822,"Foscue, Justin","R","R",29.670730628995912,26.594072339743658,27.177235900324657,-16.305400941602453,32.19591081231955,2.525180183323646
691723,"Mayo, Coby","R","R",20.92063207901674,28.4507275851407,42.29008199921321,-4.58720025584804,36.74413261050081,15.823500531484067
669200,"McCoy, Mason","R","R",28.46160153120555,28.63977194785153,32.4995131804432,-8.546895527610392,24.316638829723217,-4.144962701482331
673995,"Wendzel, Davis","R","R",26.806482214017727,25.633163520625683,28.498962882354906,-19.156659246909193,38.25555112314852,11.449068909130803
644433,"Tromp, Chadwick","R","R",31.73363398348199,27.212343779286524,31.72979012391517,-12.828049280096616,37.717308819632194,5.9836748361501995
669699,"Shewmake, Braden","L","L",30.214574758293875,29.53941411743779,31.44881223003685,-6.331078403482464,30.47288387316911,0.25830911487523733
596129,"Vogelbach, Daniel","L","L",30.54444433985595,29.8167997876615,25.480012169139968,-30.62386449439888,32.69115726375095,2.146712923895001
691176,"Domínguez, Jasson","L","L",27.709002623212736,24.095123165264777,21.606624799815727,-20.668838886066034,29.6651941433674,1.9561915201546678
642197,"Westbrook, Jamie","R","R",32.722869708025826,31.67620641665059,28.506870740602725,-0.5297139739296183,22.13938776003668,-10.583481947989148
518735,"Grandal, Yasmani","R","R",26.877151021872155,29.779369071334074,31.014247506692058,-0.8818356693258776,33.864364004351046,6.987212982478888
663897,"Williams, Luke","R","R",29.14733915301281,26.96970435162583,31.654685934094008,-8.806733651922245,34.37621147598115,5.228872322968339
682073,"Hensley, David","R","R",20.805192557155873,29.63805083020732,41.51960723867261,-6.08535859153033,31.022125527903807,10.216932970747937
666703,"Rosario, Eguy","R","R",30.45572505418111,24.93323304663735,27.62931863121838,-5.496979370244694,34.11607213056838,3.660347076387268
541645,"García, Avisaíl","R","R",31.490934046475463,28.670021009633437,37.58635569709206,-6.829007895538541,25.774132741743603,-5.716801304731863
622569,"Reyes, Pablo","R","R",29.7782907083679,27.840481772285102,34.646740359672364,1.5208787390194094,29.744860905675594,-0.033429802692306665
694376,"Whitcomb, Shay","R","R",30.353211461486154,28.61869507730784,25.402602517206795,-6.97479423797818,27.068735952699804,-3.2844755087863504
686452,"Millas, Drew","L","L",30.808706549848406,25.384278765452787,36.35949310677333,-29.24462846072846,27.111853059167526,-3.6968534906808768
682657,"Martínez, Angel","R","R",32.543363155267514,24.314001693348054,34.472602436781955,-23.511514606840606,37.470398319236,4.9270351639684815
682668,"Acuña, Luisangel","R","R",27.532034780854435,25.20101598728294,22.273543714420537,-0.3922017458390024,28.167174227868607,0.6351394470141748
672569,"Campero, Gustavo","L","L",27.498963672601374,22.58263912083363,29.275429511935045,-13.633406905549533,27.93667674587144,0.4377130732700704
677941,"Adams, Jordyn","R","R",30.340299640616873,30.04378312092849,34.190694305151744,-14.957452465015688,27.426672492415502,-2.913627148201373
694377,"Yorke, Nick","R","R",30.90549146374468,26.032261673901353,32.2817117687167,4.771641846279357,23.342939153217955,-7.562552310526728
660844,"Rivas, Leo","L","L",31.645035395853508,21.95504743479316,21.047636551933046,-15.845562568835671,31.995504671662758,0.350469275809255
664874,"Zavala, Seby","R","R",21.100698444098498,27.72669442935123,31.907303497496432,0.55837550697057,32.891693383943824,11.79099493984533
642201,"White, Eli","R","R",26.62103953590049,31.66950071365792,28.4950690364619,-17.57510841836228,27.62008034408063,0.9990408081801421
543305,"Hicks, Aaron","L","L",27.692551162379257,26.94274049054677,34.63562741666638,-14.520882617144949,35.35809672112824,7.665545558748985
682729,"Clase, Jonatan","L","L",29.106787130695945,26.964345389459453,33.01151587235438,-5.5719765471618405,29.256082152464234,0.149295021768287
693049,"Colás, Oscar","L","L",29.429618306584743,25.521642842940953,31.453620757521115,-8.491224491460763,30.098311790371714,0.6686934837869681
640902,"Pereda, Jhonny","R","R",28.61415175175602,30.765684132218233,32.8256008536415,-7.177860805681467,22.63672677399656,-5.977424977759455
691011,"Romo, Drew","L","L",22.422478857200637,26.019150702953798,37.37379454450128,-0.4251979184024022,35.529163222891526,13.106684365690889
671286,"Rodríguez, Johnathan","R","R",27.730849615030905,30.063572093584433,34.79566209627467,-9.668955422297776,33.98187591739788,6.251026302366975
668853,"Shenton, Austin","L","L",33.27102937790214,31.853033705454028,21.634087150957292,-18.330732850781256,29.424935566684276,-3.8460938112178673
680716,"Ornelas, Jonathan","R","R",20.959031569939295,26.744687203701147,20.585081030373278,-16.171187520887887,27.368002746744057,6.408971176804762
686797,"Lee, Brooks","R","R",23.693361005326167,32.41206775959898,37.14316729035452,0.9389625769603157,28.9830758218207,5.289714816494535
645444,"Herrera, Jose","R","R",24.143755008802373,25.744301042589463,28.887270997252024,-12.219515980645097,30.08111909721656,5.937364088414188
686482,"Driscoll, Logan","L","L",24.019073265737518,28.19626496013482,19.313078976591484,-19.349647814414777,29.88833363974666,5.869260374009139
669369,"Johnson, Bryce","L","L",28.961656884451873,26.23760174453634,30.27481708215583,-10.794608481333697,30.58165400521461,1.6199971207627397
665120,"Walsh, Jared","L","L",24.300254533956696,26.79559575609769,27.416606565855062,-10.334689390042112,25.873200134234622,1.5729456002779212
649557,"Díaz, Aledmys","R","R",26.80856419114413,30.599461635330254,31.335004648778394,0.9766013970166675,29.4469967260134,2.638432534869271
666165,"Sabol, Blake","L","L",25.991791093037868,28.553058150049736,30.283048500623785,-18.250364995237348,34.0692576351508,8.077466542112932
691594,"Sanoja, Javier","R","R",21.7679650476408,28.395209881299003,23.484406767315264,-37.85260612843489,28.026365153889685,6.25840010624889
663905,"Blankenhorn, Travis","L","L",29.660689846843038,26.055464317933588,33.83068522086472,-11.486545437957874,25.987578674113347,-3.673111172729689
656484,"Gray, Tristan","L","L",29.620510850917828,29.278730240328333,36.09946126449466,-11.445798186604348,34.33754322488006,4.717032373962226
669137,"Alvarez, Armando","R","R",28.394163723624345,26.530825446877216,29.815365905433342,-10.731029641715601,28.63714185697205,0.2429781333477023
650907,"Pinto, René","R","R",22.889854913458603,28.46731660651324,25.68422095124986,4.2581191238299425,27.197051798052144,4.307196884593543
613564,"Vosler, Jason","L","L",33.08096201683307,31.660027350296808,25.304173025380464,-15.315445698353349,32.53982816946467,-0.5411338473684022
681584,"Villar, David","R","R",33.226252639463354,33.73815391772155,21.24656265815266,7.401002409710665,29.141595764626334,-4.0846568748370204
663330,"Jones, Jahmai","R","R",25.8028983971186,29.63130315801335,26.261676566820917,-0.7019247460227827,32.38008591394858,6.577187516829978
683083,"Nuñez, Nasim","L","L",26.47956049715649,28.654952932768698,31.316290430242905,-3.177216011182245,26.425687366875863,-0.05387313028062668
657088,"Wall, Forrest","L","L",26.85206134505235,27.70354714424281,30.006763922664742,-4.5683908274731335,29.809632425310188,2.9575710802578428
663967,"Salazar, César","L","L",30.67954205514764,24.98004275831396,29.10509273284416,2.757704168010351,31.290825922181217,0.6112838670335763
665561,"Marchán, Rafael","L","L",23.97607033200722,26.85703223086637,32.524857687075546,-15.742870954281601,29.699616638373794,5.723546306366569
683083,"Nuñez, Nasim","R","R",30.49108724812468,28.493964147630194,30.354330451640955,-3.3418992206578415,23.269543728615822,-7.221543519508854
660844,"Rivas, Leo","R","R",25.397746312079093,24.426856956096376,22.56696969144616,-10.222235997789195,27.652317701029713,2.2545713889506183
805373,"Alvarez Jr., Nacho","R","R",30.96266839075234,26.123244385547252,30.199136471844813,-8.170132727635266,28.891512971978727,-2.071155418773614
691182,"Amador, Adael","L","L",30.659101798113515,26.613266532764552,27.12862294888741,-18.443600949172144,33.68646717446183,3.0273653763483175
670223,"Mervis, Matt","L","L",27.21162570816463,28.273001304526247,34.010521623366834,-7.958160052798873,34.02179719581542,6.810171487650788
641856,"McKinney, Billy","L","L",25.836079591487564,29.51397502226769,29.78701467763027,-7.959666467959299,33.93890961683988,8.102830025352304
680911,"Miller, Owen","R","R",26.848522743059174,27.643392797429033,27.557238223360216,-2.831821662280024,32.93168723034618,6.083164487287006
665782,"De Los Santos, Luis","R","R",26.705414699187095,29.434887135903928,30.87815073840911,-8.752434879107563,25.380497808668657,-1.3249168905184348
669374,"Hiura, Keston","R","R",25.063713218565006,29.174428558496338,28.032106976287288,-4.62560720917296,25.722550098878084,0.6588368803130809
688363,"Pauley, Graham","L","L",27.524157037309685,24.021763872385897,30.81476303930401,-10.076934693096213,33.38286777608092,5.858710738771231
608596,"Murphy, Tom","R","R",26.39172899934653,26.6820526185327,36.50187005775302,4.737950642256,22.0518526989694,-4.339876300377125
671083,"Kennedy, Buddy","R","R",29.5772918695345,26.401622048535508,31.91683293750385,-4.245113725923503,30.05643789631641,0.4791460267819112
621563,"Wendle, Joey","L","L",24.635362360073984,29.09821860781614,36.49426916735151,-3.0873000027019937,24.395027395210768,-0.2403349648632194
694362,"Dunn, Blake","R","R",30.638150522408864,28.41969427718966,32.963110141310494,-3.6436594024494915,37.722182286185856,7.084031763776987
666197,"Kessinger, Grae","R","R",27.79623343549235,26.870264465989532,32.01355925518806,-2.9744358857831075,27.17826993919521,-0.6179634962971332
621545,"Remillard, Zach","R","R",28.426709060126118,24.69994960914894,35.778802948970075,-4.692003618389106,23.99320931302653,-4.43349974709959
657061,"Tucker, Cole","L","L",27.733583787386166,34.687332099043445,31.93931028590564,6.880480691669826,25.628186381605413,-2.105397405780754
657061,"Tucker, Cole","R","R",27.131182391543373,30.964725477316694,32.163065943835335,-11.408406657102118,30.859668205868342,3.728485814324968
682729,"Clase, Jonatan","R","R",28.473183753068188,25.51262881181862,26.70037981175717,-7.334994720833882,33.6930915508655,5.219907797797312
672642,"Berroa, Steward","L","L",27.187773098767305,28.89575820882027,34.34755522213045,2.1326893084206064,34.02644719726165,6.838674098494356
669369,"Johnson, Bryce","R","R",30.797493498586608,25.772943049380796,27.650326899202987,-12.932372523230475,36.29771778620843,5.500224287621823
641779,"Leblanc, Charles","R","R",29.26751678122093,26.45646905621176,19.960375057023345,3.1585791768784253,35.37523918187111,6.107722400650178
670092,"Brooks, Trenton","L","L",26.61269112254375,26.538909850509366,30.5217228604858,-3.3315006696634,29.063571753534035,2.450880630990291
686894,"Wiemer, Joey","R","R",26.748815938084725,29.433312204593623,30.198095075436374,-9.122240677167328,37.36634064645418,10.617524708369446
672744,"Canario, Alexander","R","R",31.935097711704792,26.8134440467747,24.541306749865345,-20.388248744000045,27.059842998468756,-4.875254713236037
681460,"Baldwin, Brooks","R","R",30.567293973457897,28.777269534511213,27.497232146739993,-0.7859438131519425,30.158358606518195,-0.4089353669397016
607054,"Peterson, Jace","L","L",29.28576066548764,26.75770296028596,30.60097194855954,-13.064376650084654,34.76669468829335,5.480934022805705
691176,"Domínguez, Jasson","R","R",29.68146375249143,24.94843314289693,21.480945382349006,-23.86381832736185,29.124316174335554,-0.5571475781558803
694175,"León, Pedro","R","R",29.992158940970395,29.66819100669762,31.75185292017154,-36.232464643121645,32.45196350448061,2.459804563510216
622268,"Walton, Donovan","L","L",26.887128027614175,27.55223708163844,27.304148063107228,-28.637183852922753,33.70407728321644,6.816949255602268
671221,"Waters, Drew","L","L",27.445026783073956,22.45399599005623,26.512507101635276,-5.085005267973337,39.41227810914189,11.967251326067933
642851,"Wynns, Austin","R","R",27.71445554335804,28.59809281089885,31.15703558404029,2.087499076222397,29.2881544962115,1.5736989528534622
669352,"Thompson, Bubba","R","R",29.827797981870646,30.517499909608844,31.393490601219213,-4.348357615679238,38.78573484795572,8.957936866085074
592348,"Goodrum, Niko","L","L",27.403426877303595,28.818192965144647,31.100528933877914,-25.380451836776892,31.494806169629236,4.0913792923256365
670276,"Stevenson, Cal","L","L",21.565657218155536,31.613087377672162,28.229508009824716,9.878899511325773,27.432803533620532,5.867146315464995
686765,"Sogard, Nick","R","R",18.651232371386957,27.129720494314512,28.168858598067015,-1.7203192079486886,33.06791460490454,14.416682233517589
670224,"Misner, Kameron","L","L",29.490020686410446,30.020283616142095,32.753172164540246,-31.260553256548878,34.29539835229315,4.8053776658827
660162,"Moncada, Yoán","L","L",17.28853478576383,29.798275231829944,30.574524650025122,-9.684902112507542,25.73104877355011,8.442513987786278
501303,"Adrianza, Ehire","L","L",28.13356278833466,24.978605257207988,39.60757399645814,-11.58804070197046,27.346643847838035,-0.7869189404966299
691011,"Romo, Drew","R","R",22.96107546018464,26.361105057158316,37.932319025105336,1.4326191529953078,37.969119461421556,15.008044001236911
664954,"Sullivan, Brett","L","L",31.244095994038354,27.611989924701284,26.28925993516989,-9.706105290393063,36.111534510191454,4.867438516153103
665561,"Marchán, Rafael","R","R",26.800893063869868,26.966820367540453,33.109496144754644,-19.951442958166272,32.62692046858818,5.826027404718312
665966,"Narváez, Carlos","R","R",28.540953572138854,29.598268911761842,29.31970181932732,-5.541502413385827,27.86190225222668,-0.6790513199121735
670869,"Soto, Livan","L","L",25.603930500323063,23.999467969248855,27.06439413671321,-19.348223499638184,28.086461678325026,2.4825311780019623
676679,"Vázquez, Luis","R","R",28.69222868170535,28.830077022343392,37.377885956437716,3.221366637255281,28.09293227685606,-0.5992964048492887
663630,"McKenna, Ryan","R","R",30.356382407710512,25.73379456492835,25.44773043024919,-4.133002655696449,26.90362746224945,-3.4527549454610664
686452,"Millas, Drew","R","R",28.140368021500848,23.13334747871657,33.475205232053696,-15.166965635896645,32.541448100206445,4.401080078705595
656883,"Reetz, Jakson","R","R",26.724065553849776,30.796184071590794,36.79621572646155,2.1508378149943734,31.049061560541716,4.32499600669194
680577,"Keirsey Jr., DaShawn","L","L",23.797194222444947,26.712403059691173,36.94234226678064,-1.2732900799221212,21.34975670881432,-2.4474375136306357
681508,"Gasper, Mickey","L","L",20.311146024803627,29.0935456885739,32.92148006997629,-13.450187154649651,28.93525016890005,8.624104144096425
676439,"Feduccia, Hunter","L","L",21.65973813348451,25.75623413991549,29.6970355193733,1.347001949103989,30.93877077515419,9.279032641669684
667428,"Koch, Grant","R","R",32.99767802290217,30.958686531314946,27.758735353788733,-38.01881514520385,30.808578247077104,-2.1890997758250603
542364,"Ortega, Rafael","L","L",30.951239197668382,26.088880310247077,21.724034792692713,-7.412423332075723,28.86112292601624,-2.0901162716521475
669326,"Teodosio, Bryce","R","R",25.554028157628554,28.61981083895232,31.364829363961622,-35.12700229256485,34.67902227688541,9.124994119256856
678894,"Peguero, Liover","R","R",29.39940576742952,25.907774745431066,21.552004565633926,-4.116126250313035,34.53649529410616,5.1370895266766405
663604,"Lockridge, Brandon","R","R",26.118637622019445,27.031516187573576,36.169929333890934,-14.808095549490334,32.2982782636148,6.179640641595354
679881,"Martínez, J.P.","L","L",25.481316693530477,26.793836915026226,36.199502166497965,2.294780902923169,26.864435144880353,1.383118451349877
542963,"Brantly, Rob","L","L",28.131661751492274,24.816483339309094,31.01236236578265,-7.877033381027006,27.774730336451725,-0.3569314150405518
657193,"Alvarez, Eddy","L","L",25.749893438117684,25.520580401169298,28.517383139786673,-8.706352245344725,35.30252939084278,9.552635952725101
543305,"Hicks, Aaron","R","R",26.865624468700275,37.86658270220252,28.501932786900092,1.3688817248973,29.573713644563572,2.7080891758632957
682119,"Jordan, Levi","R","R",17.77974303125543,25.475775155543506,20.243789577726737,-0.538449753302457,28.605812059344807,10.82606902808938
671117,"Baker, Darren","L","L",26.060669228081117,34.9588228681389,29.680831656397032,0.3633318977549261,25.841072735190213,-0.21959649289090338
664059,"Haggerty, Sam","R","R",18.80318080320688,30.55361294377736,28.69401679412354,3.1827935187001852,27.26007705063084,8.456896247423963
686555,"Collins, Isaac","R","R",30.945702118901796,30.846818466525264,33.885190806510494,-23.640031558277222,34.29513847917626,3.349436360274465
680769,"Alexander, CJ","L","L",29.18012317253972,26.412826204506523,33.19504536884184,1.977799521046075,39.5859631709902,10.405839998450485
592348,"Goodrum, Niko","R","R",27.959541423506874,32.50436498419227,34.3442914181384,-7.631755043688216,28.785095298487004,0.8255538749801354
621458,"Ríos, Edwin","L","L",26.363657476879958,28.813462933206832,27.931749468366892,-24.822421386362418,40.99788501387006,14.634227536990108
666211,"Trammell, Taylor","L","L",28.20278857940788,27.357896707713817,32.00032173192627,-15.896225525280009,23.535379562647876,-4.667409016760001
641511,"Delay, Jason","R","R",29.526248578011558,29.521944563348068,30.481150364947844,-8.415070902006025,35.5827365075854,6.056487929573855
605244,"Garcia, Aramis","R","R",27.368863635141373,28.53706104314907,32.99255333088425,-3.299218337498216,30.185385964831287,2.816522329689915
672569,"Campero, Gustavo","R","R",28.652641408801117,25.206839818756006,31.733999227786107,-6.6908320336191975,31.181461827671438,2.5288204188703207
687799,"Marlowe, Cade","L","L",31.270314023703452,25.826236091719263,20.720348720251426,-5.494954947218604,34.97521479407404,3.704900770370589
623168,"Heineman, Tyler","L","L",29.89770902698642,25.944509985923464,28.214521324585604,-16.202262106782502,35.998450636724506,6.1007416097380816
681962,"Capra, Vinny","R","R",26.55973452086996,26.023349209217855,33.365531168490726,-5.300189990930832,35.42488821778229,8.86515369691233
676551,"Hicklen, Brewer","R","R",28.9898959843121,28.708849082767703,28.592473937728876,0.24803186872383118,35.852425862617686,6.862529878305581
501303,"Adrianza, Ehire","R","R",26.57212760041993,24.74162033172666,38.71836025862258,-2.8667166316331825,21.61211702533448,-4.960010575085451
668843,"Capel, Conner","L","L",31.33876516417437,29.210802635107676,24.918904764649966,1.3294919313635105,30.38827299481149,-0.9504921693628792
656448,"Garrett, Stone","R","R",37.67338629579822,31.72311065589328,30.29945689465229,-9.575702431586889,18.867345892924202,-18.80604040287401
595284,"Knapp, Andrew","L","L",24.640477207431818,24.010377096873206,24.52945209905693,-26.606806859380402,23.168249125806526,-1.4722280816252946
672642,"Berroa, Steward","R","R",26.6902012224505,27.415778331262015,34.31105811630977,-3.942542072050775,29.509965756488995,2.819764534038491
680737,"Helman, Michael","R","R",28.147380785401925,27.627204935743787,20.097173457434963,-23.935618638252468,31.92852923162717,3.7811484462252443
664058,"Fletcher, David","R","R",26.89373620121768,21.566626944196663,31.7572539940376,1.4054904408675042,30.236691622747237,3.342955421529557
672724,"Peraza, Oswald","R","R",29.26223749983004,27.68045664309358,30.816188032826247,-6.75082115653401,30.116939090514084,0.8547015906840411
686555,"Collins, Isaac","L","L",31.231830113325657,30.754407117498637,30.15927554514784,-12.938585479572822,28.506718468866243,-2.725111644459415
678489,"Barrosa, Jorge","L","L",26.425665805276687,27.813874597790683,22.328597972372506,-7.805160337637587,29.105669802788203,2.6800039975115144
675659,"Jones, Greg","L","L",19.163758239375213,28.46026013351442,31.065834000543074,-14.290341590400214,28.911961384554647,9.748203145179437
682634,"Alcántara, Kevin","R","R",31.07793890047185,33.413798948029246,33.87857814708057,-22.784250517949808,28.80431213347005,-2.2736267670017964
691182,"Amador, Adael","R","R",27.698214390774854,26.06157825834784,31.504940186153213,-3.820195393793191,32.31542951623207,4.61721512545722
660758,"Fabian, Sandro","R","R",28.1964195046625,25.915673914067376,26.757655528131902,-6.746843418115357,31.54432106592092,3.347901561258415
665155,"Maton, Nick","L","L",29.512970662234377,21.735951187893846,33.86681039120802,-38.75513383403486,40.03681398904828,10.523843326813902
669450,"Hummel, Cooper","R","R",32.909474168913114,26.809026542730983,24.69340616437883,-5.382239317295107,25.717785920022152,-7.191688248890964
669087,"Huff, Sam","R","R",23.657008873562205,31.674655071306944,34.09902348835118,-11.175838608249908,22.80633472962884,-0.8506741439333612
665856,"Camargo, Jair","R","R",28.971299537167223,28.41166826870684,34.83407908357085,-9.482036694896834,37.75227958532541,8.780980048158186